"label","zz_nr","OID20424","OID20429","OID20436","OID20437","OID20438","OID20442","OID20459","OID20460","OID20462","OID20464","OID20473","OID20475","OID20477","OID20480","OID20481","OID20482","OID20483","OID20485","OID20486","OID20487","OID20490","OID20495","OID20497","OID20500","OID20501","OID20504","OID20505","OID20506","OID20507","OID20508","OID20510","OID20511","OID20513","OID20514","OID20515","OID20519","OID20520","OID20521","OID20523","OID20524","OID20525","OID20526","OID20527","OID20528","OID20529","OID20530","OID20531","OID20532","OID20533","OID20534","OID20535","OID20536","OID20537","OID20538","OID20540","OID20541","OID20542","OID20543","OID20544","OID20545","OID20547","OID20548","OID20551","OID20552","OID20553","OID20554","OID20556","OID20557","OID20558","OID20559","OID20560","OID20561","OID20562","OID20563","OID20564","OID20565","OID20566","OID20567","OID20568","OID20569","OID20570","OID20571","OID20572","OID20573","OID20574","OID20575","OID20576","OID20577","OID20578","OID20579","OID20580","OID20581","OID20582","OID20583","OID20584","OID20585","OID20586","OID20587","OID20588","OID20589","OID20590","OID20591","OID20593","OID20594","OID20595","OID20596","OID20597","OID20598","OID20599","OID20600","OID20601","OID20602","OID20603","OID20604","OID20605","OID20606","OID20607","OID20608","OID20609","OID20610","OID20611","OID20612","OID20613","OID20614","OID20615","OID20616","OID20617","OID20619","OID20620","OID20621","OID20622","OID20623","OID20624","OID20625","OID20626","OID20627","OID20628","OID20629","OID20630","OID20631","OID20632","OID20633","OID20635","OID20636","OID20637","OID20638","OID20639","OID20640","OID20641","OID20642","OID20643","OID20644","OID20645","OID20646","OID20647","OID20648","OID20649","OID20650","OID20651","OID20652","OID20653","OID20654","OID20655","OID20656","OID20657","OID20658","OID20660","OID20661","OID20662","OID20663","OID20664","OID20665","OID20666","OID20668","OID20669","OID20670","OID20671","OID20672","OID20673","OID20674","OID20675","OID20676","OID20677","OID20678","OID20679","OID20680","OID20681","OID20682","OID20683","OID20684","OID20685","OID20686","OID20687","OID20688","OID20689","OID20690","OID20691","OID20692","OID20693","OID20694","OID20695","OID20696","OID20697","OID20698","OID20699","OID20700","OID20701","OID20702","OID20703","OID20704","OID20705","OID20706","OID20707","OID20708","OID20709","OID20710","OID20711","OID20712","OID20713","OID20714","OID20715","OID20716","OID20717","OID20718","OID20719","OID20720","OID20721","OID20722","OID20723","OID20724","OID20725","OID20726","OID20727","OID20728","OID20729","OID20730","OID20731","OID20732","OID20733","OID20734","OID20735","OID20736","OID20737","OID20738","OID20739","OID20740","OID20741","OID20742","OID20743","OID20744","OID20745","OID20746","OID20747","OID20748","OID20749","OID20750","OID20751","OID20752","OID20753","OID20754","OID20755","OID20756","OID20757","OID20758","OID20759","OID20760","OID20761","OID20762","OID20763","OID20764","OID20765","OID20766","OID20767","OID20768","OID20769","OID20770","OID20771","OID20772","OID20773","OID20774","OID20775","OID20776","OID20777","OID20778","OID20779","OID20780","OID20781","OID20782","OID20783","OID20784","OID20785","OID20786","OID20787","OID20788","OID20789"
"D3","5",0.6064,3.9025,3.6997,1.6756,1.8637,1.1623,1.0651,0.2671,2.8135,1.1856,1.7504,2.0303,1.2128,0.2174,1.7256,1.8257,-0.62,0.9758,0.3568,2.6921,0.7733,4.7521,1.0774,1.9619,0.1995,1.795,0.8659,1.5261,0.9468,0.7647,2.1006,1.8899,1.1012,0.5532,1.3646,1.2238,1.3872,0.3734,5.4641,1.293,0.4086,0.6897,0.455,0.7811,3.3261,3.3988,0.4539,0.5537,4.0779,1.43,1.7451,2.5263,3.0874,2.8211,2.3219,3.2856,1.198,2.3478,3.3888,0.9314,1.6253,4.1778,2.0945,1.6215,1.6646,1.253,0.5458,1.5731,1.5745,1.2395,4.1303,0.2303,3.5522,5.2057,1.8956,2.5061,0.6391,2.972,0.8156,2.192,5.5001,1.2448,1.9002,2.4762,6.0508,1.6501,2.1357,1.6626,3.0244,1.3816,1.6217,1.7492,0.5693,0.6238,0.9749,1.7736,2.0852,3.3696,2.318,3.5472,4.153,2.0915,2.4788,3.0395,4.8879,2.7477,1.0594,2,4.0047,3.0508,5.831,1.7511,2.6392,7.0581,4.562,4.5812,3.8696,1.2794,3.7747,3.0172,6.263,3.0745,4.4074,5.0779,3.6928,3.2916,5.0375,1.3941,4.8929,3.3064,5.0001,5.647,5.6685,3.188,4.3295,3.3381,3.1126,5.3854,3.5632,4.4896,4.2731,2.9825,4.4958,0.8502,5.9488,5.5411,2.6039,3.4892,3.1118,4.1532,3.0296,1.4046,5.1654,4.8143,3.3173,3.1435,3.4682,7.5751,3.3472,6.5439,3.5045,6.1965,6.6217,7.8671,4.4919,3.466,3.1122,4.6745,6.0196,4.3717,4.6897,4.8633,4.7491,5.5754,6.2388,4.5046,5.0298,11.1349,6.1219,5.7485,3.3579,3.4291,2.3913,0.7557,2.4881,4.7665,2.0668,6.6964,0.6999,1.6366,2.2715,2.4165,3.7643,2.1181,3.1931,4.4999,2.4166,4.4256,4.5929,5.2832,4.5835,2.6692,7.7938,1.9773,1.5587,2.3162,3.8685,5.3437,3.2157,6.1689,4.8825,3.4201,0.6835,2.0137,3.7714,5.036,2.1277,5.0094,2.6447,6.1322,3.0092,4.9415,2.2305,1.7643,4.5008,1.9442,6.8812,2.5177,6.6615,5.4152,3.9621,3.6774,2.5554,4.7695,0.8963,3.7282,5.2723,5.5626,3.9944,4.1008,6.2504,2.2005,3.8884,4.0689,5.7321,3.9642,5.2688,3.4828,3.9598,4.8935,4.9261,4.5889,4.5699,5.5063,5.445,6.7186,3.533,4.0953,3.3512,3.5746,5.5503,5.5175,5.4083,6.3987,3.639,0.8971,1.7946,1.4718,3.6249,5.8131,5.1646,5.2846,6.0539,6.6679,4.1247,5.6435,3.7386,4.5115,6.9282,3.4736,6.2952,5.2904,4.8387,5.6502,2.02,6.0636,7.8842,3.3825,5.5257,6.3622,5.7633,4.5057,3.6607,3.4781,3.8639
"D3","9",1.8432,3.978,2.7274,1.0166,1.4341,0.6627,1.2699,0.9265,1.0692,1.4649,2.2117,2.4214,4.0422,0.275,1.5834,1.4319,0.2034,1.8533,0.9655,1.5041,1.4408,3.35,1.7815,1.2452,1.1909,1.6772,1.4856,2.7966,2.402,0.7396,2.0934,3.6335,1.6283,0.5579,2.3435,2.2287,1.095,0.3077,4.2455,1.8289,1.2198,1.8008,-0.1649,0.3731,2.8351,2.4221,0.8436,0.9579,3.9601,0.9203,1.0693,2.2391,4.3226,3.3173,3.3253,2.8001,1.7071,3.8802,4.3628,1.8254,-0.0648,1.9591,2.4401,1.9686,2.2742,2.2468,0.7835,1.4196,2.4429,3.2126,3.4888,1.1454,3.011,4.1925,2.6477,2.8734,2.0786,2.3066,2.1311,2.0297,5.1352,1.9824,2.2941,2.0484,4.4521,1.9132,3.2029,2.5217,2.5486,2.6505,1.3149,1.5989,1.4799,0.8716,0.8446,2.7804,2.6037,2.6717,1.6109,3.5204,4.5757,1.7146,3.0162,4.7273,4.112,1.9576,2.382,1.913,3.2601,3.6405,4.1607,1.0118,2.8677,7.047,3.6345,3.8884,3.9934,1.0946,3.3949,4.4743,6.5987,3.3786,5.8089,5.1309,4.2703,3.8403,5.6826,0.8966,4.7884,3.6209,5.0587,5.5032,5.8095,3.8839,5.3532,4.7576,3.057,5.628,2.5411,5.9686,5.4873,3.3195,5.8942,3.4466,4.4527,6.2734,2.8175,4.093,3.8555,4.71,5.1867,2.6572,5.8914,6.1171,5.5601,3.6787,3.3151,7.5956,4.3252,5.4945,5.7391,6.3892,6.7751,7.8467,5.7087,4.2989,2.7352,3.7026,5.8938,4.1611,6.002,5.5913,5.2734,6.7277,5.7549,4.9667,3.9973,11.5161,7.1521,7.162,5.8226,2.8377,4.2901,1.4197,3.9537,5.8704,2.9884,7.1271,1.0633,2.7423,2.1907,3.0622,4.8652,2.7537,2.3376,4.3696,3.7838,4.2597,5.1322,6.3472,5.114,3.5396,6.9987,2.3651,0.9924,2.7809,4.1152,5.5268,5.8281,4.3629,4.4798,2.9031,1.864,2.6294,4.4286,5.258,3.6423,4.2066,3.8398,4.9951,3.1198,5.0992,2.245,2.0018,4.2259,2.7629,6.4064,2.8308,6.1171,6.8528,3.9387,3.7373,3.4862,5.2766,2.1527,4.7156,6.6865,6.6588,4.2085,3.5847,6.5035,1.4669,6.0883,5.7621,6.5618,3.9266,5.3576,4.2246,3.1219,4.49,4.1345,4.497,4.145,5.6228,4.7171,5.0887,5.8891,3.8968,5.1861,2.5807,4.7212,5.1691,5.7089,8.0607,4.7028,2.544,2.9814,2.8488,4.456,6.7115,4.6077,6.4919,5.0697,7.8102,4.1481,6.0675,5.3089,7.4203,5.613,3.6251,6.0533,6.2958,4.3473,6.6152,4.1993,5.9004,8.7859,4.6635,7.2667,7.2597,6.2115,4.8846,4.9738,4.1751,3.4419
"D3","13",1.4613,3.2399,3.1007,1.7311,1.5453,0.1489,1.3649,0.7915,2.1767,0.8789,2.0842,1.8226,2.1728,1.2778,1.4338,2.0865,-0.3821,0.7635,0.575,2.915,1.3682,5.412,1.504,1.0563,0.8325,1.9625,0.6066,1.7225,1.0005,0.4927,1.0297,3.4066,1.0609,0.2369,1.9957,1.4042,0.1597,-0.0459,3.6278,0.9931,0.6582,0.9436,-0.5543,0.7558,3.2342,2.4033,0.3351,0.7351,3.204,0.4536,-0.0154,1.617,3.3851,3.5747,2.884,3.207,1.1981,1.054,3.1024,1.7328,1.707,4.6788,1.5554,1.8966,1.6031,1.0301,0.4512,0.07,1.5436,1.0479,3.4131,1.2564,3.0775,3.979,1.4289,2.0292,1.3805,1.2914,1.4921,1.8964,4.7798,1.7046,0.7912,1.6055,3.701,1.5048,2.887,1.3375,3.1708,1.1102,2.0414,1.7969,0.2955,-0.0293,1.2429,2.5488,2.6332,1.8942,1.287,2.2842,4.6701,2.0753,2.8085,3.4539,4.5987,1.9064,2.0324,1.2051,3.6884,2.9833,3.9363,1.9877,2.88,6.2526,2.9205,4.2626,4.109,0.8925,3.3099,2.5448,6.7052,3.9029,5.4405,5.1246,3.1964,2.9466,5.4528,0.893,3.6734,2.8365,4.6436,4.5762,5.4752,2.1046,4.4897,3.2039,3.1554,5.947,2.2922,4.7272,5.2243,2.2287,5.2426,2.087,5.9345,5.6063,3.4049,2.7347,1.8596,5.3863,3.8823,0.8824,4.8358,5.8584,4.6423,2.5624,3.5327,6.7324,4.0258,5.4028,3.9342,7.1254,5.2695,6.9403,5.0239,3.9223,2.9474,4.0686,5.3577,3.8481,5.1214,4.8863,5.3762,6.2275,5.1427,4.7244,3.0618,9.2691,6.2698,5.8288,4.0102,3.0198,3.4253,1.1064,1.9878,5.6117,1.5615,4.3729,0.0334,0.8907,1.345,2.7673,4.8576,2.6694,4.3201,4.2272,2.9173,4.6519,4.7523,4.4218,2.9827,3.108,7.4436,1.6876,1.0345,1.7508,3.3338,5.2905,3.757,3.4703,4.7904,2.8593,0.1958,1.8215,3.9273,3.4443,3.415,4.1104,3.303,4.604,1.1908,5.3035,1.5573,0.7349,4.3262,2.2293,7.2953,2.5535,5.5123,5.9371,3.3269,3.7844,2.2694,4.6675,1.3683,4.1639,6.4379,5.0138,3.9614,3.8994,5.4515,0.8706,5.009,5.1592,6.7455,3.2136,5.1356,2.6733,3.1713,2.2559,3.556,4.6357,4.3034,6.8305,3.5047,5.5468,4.3815,3.911,4.6673,3.7335,5.1954,4.2822,5.5597,6.5632,3.7951,1.1766,1.8715,2.6205,4.1937,6.1984,4.9468,5.5251,5.0361,6.8633,4.0054,5.2043,4.7158,3.7835,5.5923,3.2546,6.1998,6.4344,4.4611,7.173,2.7985,5.7806,8.1821,3.665,6.3422,7.227,4.9914,4.2606,4.7862,3.8647,3.5903
"D3","15",0.6617,3.3089,3.7396,1.5233,2.0757,0.2982,1.3941,1.0621,1.5427,1.6242,1.1424,4.516,2.6496,0.8755,1.8801,0.6576,2.0902,3.1243,-0.1437,3.1433,2.6534,-2.2393,1.7623,0.5941,0.3246,1.8554,3.0418,3.2096,3.4313,0.89,2.9915,4.55,1.5284,0.7794,3.4439,4.8865,0.6901,1.1568,2.5519,4.2697,1.0777,3.7814,0.3244,0.8386,2.5762,2.8678,1.684,0.6323,1.471,1.7913,1.5547,3.0259,3.4091,3.2022,2.9768,1.6212,1.4449,2.303,6.6252,3.2393,1.2231,3.4905,5.3437,3.3351,3.9304,4.4987,1.1486,1.8142,4.3247,5.9285,3.5815,1.5511,3.1146,2.9083,2.2576,2.0696,1.2322,2.6175,1.7017,4.6664,6.9462,2.0094,3.0643,2.0265,4.5457,1.811,2.8657,4.4165,2.5195,4.6562,1.9455,0.4938,3.537,2.5669,0.6585,4.2955,1.8468,2.8602,4.0335,4.7049,5.0962,2.0846,3.705,6.9963,3.7731,2.4587,4.4642,1.6172,2.1049,3.3135,3.8564,0.9627,2.9979,3.9051,3.4568,3.8313,4.3921,1.1776,4.0883,3.7309,6.867,2.8552,6.5629,5.4537,6.3011,6.3757,5.4444,0.8288,5.4278,3.8215,5.678,6.7521,7.975,5.9305,5.4036,6.3974,3.4144,6.0029,3.0957,5.1086,5.8436,2.7739,5.1228,3.2384,4.1413,6.3414,3.3147,6.5151,3.5653,4.2061,7.5726,4.095,5.0084,6.3929,4.3916,4.654,3.8157,7.5526,4.0725,6.0174,4.7077,5.5755,6.1272,11.4716,5.0532,3.1584,3.5982,3.2494,6.1103,3.4697,6.3747,4.4062,3.17,6.5445,5.2616,5.1171,4.5827,12.2722,7.1007,4.6795,4.3855,2.2601,4.6401,1.4867,2.6639,5.4949,4.8415,5.3975,2.9426,4.5403,4.1877,4.8926,4.7262,2.5781,2.944,3.2442,4.0873,3.4125,5.5856,5.2886,4.2338,3.1218,3.7969,4.3712,0.9176,0.2486,3.6951,4.7964,5.2542,4.807,4.4873,2.9621,4.2228,1.548,4.7679,4.831,6.2626,4.1037,3.5797,5.5119,2.6448,4.7975,4.8301,2.7556,4.0681,2.9312,6.2968,3.4432,5.0871,8.3567,3.7676,3.4175,3.3432,4.9045,4.9089,5.3446,5.9107,7.996,4.5264,3.9391,6.5062,1.7577,5.4944,5.2473,6.1837,4.9501,6.5198,6.2812,2.9488,3.8131,5.5099,4.4383,4.6103,6.3541,3.8323,5.1525,6.5126,3.2509,5.5991,3.9685,3.8504,5.8034,6.0728,9.074,6.6285,4.9633,5.1063,2.8465,5.2821,6.6486,4.6222,5.4488,6.0197,7.6231,4.6676,5.5712,5.1117,5.374,5.3533,4.3596,5.375,5.5249,3.718,6.6829,6.3514,5.8678,8.0696,5.261,6.9913,6.0446,5.4737,4.6323,5.9003,7.2144,3.9259
"D3","18",0.8201,2.6609,3.4469,1.5194,1.3455,0.6162,1.4632,-0.0361,2.2617,1.9626,0.9741,1.8812,3.0884,0.5202,0.5442,0.5377,-0.2386,1.3946,-0.182,2.1352,0.4044,2.6483,1.1887,1.9396,0.6693,1.4216,0.7641,2.7298,1.567,0.3653,1.773,0.6364,0.8474,0.2023,1.903,1.9385,0.5579,0.3326,4.0348,1.7494,0.7047,1.3569,0.1309,0.7518,3.0027,2.3177,0.4328,0.61,3.9052,1.9686,0.3141,2.4941,2.9168,2.5435,2.3725,0.9453,1.1982,2.2012,3.6388,1.1863,1.4951,0.3854,1.7974,1.8617,1.9029,1.5077,0.6357,1.1807,1.9005,3.526,3.453,0.9309,3.0632,4.6937,2.1237,2.0914,0.6157,2.8605,1.5336,1.5156,5.0405,1.1308,1.8481,1.5333,4.0168,1.6959,2.5253,1.8656,2.6328,1.9124,1.5223,0.9002,0.7695,0.8593,0.7822,2.2582,2.5341,3.2573,1.7913,2.7659,4.6761,1.0801,2.6816,4.4728,4.145,1.5705,1.5326,1.3699,2.9198,2.1233,3.205,0.8186,2.508,6.9053,2.6979,4.1113,3.5543,1.221,2.6873,2.8566,7.3291,2.8523,5.8022,4.6998,3.7524,3.2244,4.6581,0.8851,4.5127,3.0907,3.8903,5.0862,5.5247,2.9174,4.1485,3.7052,2.6232,5.0966,3.5583,7.2842,4.7011,2.0505,4.3541,1.1329,6.1414,4.5178,2.5123,4.055,3.2437,2.5537,4.0632,1.3318,5.0279,4.8577,3.8288,2.8761,3.6702,6.9517,2.691,6.0876,3.8403,5.6494,7.2258,6.796,4.6756,3.298,3.1421,3.6836,5.2632,4.2341,5.1057,4.9617,4.5515,6.2098,5.9153,4.7067,3.7825,9.19,5.8472,4.781,3.853,3.1921,2.7549,0.7361,1.8729,4.452,2.6088,6.9101,0.9521,2.9516,2.1077,3.489,3.4421,2.067,3.4908,3.8049,2.3752,4.049,5.1442,3.8362,3.5885,2.3225,6.3589,2.3202,0.7299,1.2782,3.2368,5.5268,3.9245,4.1221,4.6955,3.0191,1.4441,2.7182,3.6808,5.0728,3.9415,4.4323,2.5578,5.1366,0.8239,4.7434,1.898,1.5706,4.391,2.0933,7.1845,2.0602,4.8791,6.0612,2.9578,3.7101,4.0014,4.6404,1.6376,3.3119,5.2992,5.5454,3.1923,4.1636,5.4258,1.7131,7.6741,4.1752,4.8732,4.1469,6.3439,3.3821,3.2595,5.1388,4.5679,4.0334,4.6399,4.016,5.0261,5.9219,4.0986,3.8854,4.3316,3.602,4.2532,5.1466,5.4961,5.7553,2.8243,1.4344,2.9085,3.1245,4.1423,5.4172,5.6521,4.7558,4.6673,6.2833,4.1961,4.0502,3.9749,5.3011,6.9981,3.2042,6.4206,4.8288,4.7879,4.8709,3.732,5.5444,7.4249,2.7973,5.4733,5.4988,4.9946,5.1283,4.0082,4.3075,3.7745
"D3","20",0.8063,3.7116,4.1327,1.6403,1.8887,0.7943,1.8896,0.5485,1.7333,1.9565,2.0328,1.6663,1.8836,0.5339,1.3,1.5709,-0.729,2.0854,0.8451,2.9236,0.7576,8.3506,1.4591,1.5006,0.886,1.9038,1.1488,2.1615,1.4815,1.2301,1.4775,3.4075,1.0371,0.2314,0.5443,0.9793,1.1628,0.2569,4.9944,1.128,0.1987,0.5349,-0.1113,0.5261,3.1277,2.9481,0.4223,0.7256,4.2894,1.0859,0.3751,2.3713,3.5783,2.7484,2.5635,2.7839,1.8616,3.0698,2.6407,0.9302,1.4102,1.8863,1.647,1.6635,2.7974,0.556,-0.3779,1.2701,1.1263,1.1921,3.7356,0.9326,4.3229,4.9356,1.6582,2.1448,1.291,2.716,1.2384,1.7521,5.7777,1.7174,1.8872,1.841,5.1354,0.966,2.9869,2.1352,3.7242,0.5395,1.6662,1.2418,0.237,0.6017,0.9408,2.8581,2.5365,3.929,1.7828,2.717,5.5198,1.7736,-0.3457,2.1877,4.1305,2.4282,1.4068,1.9868,3.5157,2.7244,4.7536,1.4603,2.6747,6.6502,2.7952,4.5704,3.8126,1.0743,4.1086,3.7061,6.1463,2.5595,5.5235,5.1988,3.1205,2.522,5.3422,1.1875,4.9376,3.1961,4.1259,5.1356,5.4825,2.7739,4.281,3.1455,2.4208,5.3082,3.3812,6.3794,5.1028,2.785,5.2737,1.4614,4.9081,4.4418,3.1622,3.0183,4.3404,4.2342,1.8206,2.0176,5.7707,5.265,4.2657,3.2211,3.4781,6.2822,3.2927,5.9301,4.6261,6.8088,6.3485,7.707,4.9534,4.1784,3.8046,3.6873,5.4131,3.7298,5.5032,5.1599,5.6783,6.6277,6.071,4.43,4.2178,9.2302,6.4713,5.6552,3.8358,2.6298,3.0969,1.1049,2.8748,4.9317,2.0852,7.1568,0.4146,1.9727,1.5942,2.8883,3.8828,3.0216,2.2207,4.1849,2.2882,3.8177,4.8835,5.7568,5.0016,3.0977,7.3245,0.7978,1.1575,2.8963,4.1094,4.9595,4.795,5.4064,4.6216,3.1609,0.6125,2.4383,3.5057,5.6676,2.2948,3.649,2.9355,6.2454,1.2776,4.6918,1.7528,2.273,4.3181,1.8929,7.1543,1.8543,4.8141,5.3352,2.8084,3.4178,1.928,4.9695,0.5009,3.4175,5.5644,6.3555,3.7254,3.9219,5.9285,1.6597,4.8915,5.0186,6.1051,3.0317,4.5832,3.3921,3.1781,5.79,5.0471,4.1573,4.1375,6.0279,5.8045,6.2418,4.8597,4.1226,4.4473,2.7947,4.9406,5.4475,5.4876,7.0812,3.4952,1.1446,1.2148,2.3727,3.8583,6.1982,5.6569,5.3169,5.2186,6.7178,3.2779,4.9642,4.3121,6.8259,6.6216,3.3259,5.5382,6.0456,3.0798,7.4616,1.3684,5.895,8.3913,4.0448,6.1257,5.0027,5.056,4.6531,3.8553,2.4353,3.4477
"D3","29",0.7297,3.7026,6.4009,1.5054,0.6881,1.6906,2.9109,-0.2388,2.0149,1.8654,2.3137,6.9878,3.0328,0.2635,0.7706,1.1321,3.7174,4.8854,1.0526,1.922,-0.5503,2.559,2.3218,2.0194,1.1537,1.0775,4.1193,2.4576,4.7762,0.6781,4.8076,1.0062,1.8062,0.7263,4.9555,6.0678,0.3741,2.1395,5.8853,6.1153,0.6244,4.9591,-0.1264,1.5246,1.8345,2.9454,2.817,0.9194,6.8552,2.2992,2.8372,5.3423,4.2542,2.7511,3.1402,0.7233,2.4341,2.6611,7.8282,4.9234,0.9843,4.5937,6.45,4.8031,5.901,5.3521,0.2055,3.2293,5.4149,7.6851,3.7169,0.6421,3.2017,7.4271,2.609,1.7021,0.5461,2.3075,1.4534,1.5191,6.2128,1.5287,2.603,1.7602,6.4147,1.3675,2.9686,6.1772,2.3014,6.3606,1.1967,0.6596,5.041,4.0578,0.7971,2.6514,1.5739,3.241,6.4836,6.322,5.0642,1.1017,4.0049,8.5358,3.6361,2.709,5.2488,0.9748,3.6339,3.4511,4.6261,1.5342,1.7174,7.2263,2.5133,3.0366,4.924,1.5598,5.1306,4.0048,6.2451,3.1436,6.8713,4.9372,8.5197,7.8577,5.4353,1.3739,7.0449,4.66,4.4672,8.0307,5.0299,7.9806,4.6518,7.9444,4.3882,6.2218,3.2136,5.3285,5.848,2.3368,4.7889,1.8171,4.745,4.7932,3.1931,8.2952,5.192,2.4975,8.1182,5.3816,6.1184,4.3147,3.5502,5.813,3.5317,8.9463,2.4567,6.8893,4.3914,6.2387,6.8458,9.6442,4.2299,4.2542,5.2775,3.7195,4.3682,4.1729,4.7523,4.8444,5.206,5.229,6.7459,4.385,5.9355,13.3392,6.1845,4.7717,3.3105,4.0418,2.549,1.2012,4.0593,3.9763,6.7006,4.4572,4.2329,4.6173,5.5098,3.0636,5.152,1.2778,2.7664,3.8541,4.8825,3.7692,6.2526,6.1027,5.2969,2.9385,7.1263,6.1371,1.5091,2.8617,3.0897,5.5043,6.0215,6.8195,4.711,3.0137,6.0218,0.2507,4.7715,5.76,7.993,4.1788,2.8099,7.9416,1.6081,4.4482,6.4475,4.444,4.4781,3.1607,5.6019,5.0534,5.2976,9.3224,3.6834,3.9207,2.9839,3.8702,7.0054,3.4769,4.6372,5.5063,4.1635,3.5371,7.3503,1.0424,4.6642,4.0639,5.6146,6.4941,8.4044,8.448,1.7759,4.4385,5.7748,3.9551,5.0889,3.371,4.0428,7.6437,6.1138,2.0804,3.6322,3.2515,4.3174,5.2805,5.9334,7.5353,3.4006,6.6241,6.7056,4.238,3.5609,6.1768,4.9927,4.3061,5.8296,7.3053,4.8366,6.0072,4.247,5.1202,8.2608,4.5543,5.6936,5.6787,4.3346,6.133,7.6891,7.5517,8.5487,3.6883,6.5418,4.0699,4.8847,4.1342,3.8093,8.6017,3.6296
"D3","38",0.6695,3.7318,4.7974,1.5442,2.3377,0.7484,2.2473,0.5197,2.5355,0.7095,1.9358,4.5637,2.157,0.2283,1.4157,0.9708,1.8439,2.8718,0.5405,3.0175,0.4952,4.151,1.424,1.6505,0.7802,1.8593,2.2081,2.9221,3.1082,1.364,2.8594,1.1847,1.2541,0.5683,3.2247,4.0982,0.4047,0.7572,4.3083,3.6321,0.8256,3.2509,0.339,0.8598,3.0761,2.3369,1.3361,0.797,5.1111,1.8176,1.5514,3.6466,3.5153,3.2301,2.6418,3.6786,1.7897,3.6651,6.3712,2.7222,1.7838,3.059,4.8688,3.2869,3.6255,3.952,0.3759,1.6331,3.3951,6.4122,3.7985,1.4362,3.2001,3.8288,2.359,2.5149,1.2269,1.6492,1.0039,1.6381,5.7993,1.3394,1.8614,1.6944,4.392,1.27,2.8984,3.7506,2.2821,4.586,1.7743,1.576,3.2801,1.9691,0.711,2.7468,2.1675,2.2732,2.8455,4.3321,5.1002,1.5716,2.3653,6.6493,4.3368,1.7045,3.4532,2.1323,3.5946,2.7284,4.7866,1.8697,2.6794,7.3196,3.5505,4.3197,3.9988,0.9993,3.0249,3.3195,6.6806,3.0659,6.0025,5.0441,6.0714,5.669,5.0831,0.929,5.5962,3.9698,4.7279,6.8262,5.1674,5.7556,4.525,6.0983,3.4377,5.2312,3.6732,6.0261,5.2632,2.1806,4.5105,1.811,5.1958,5.8182,2.2705,6.4207,3.5135,3.4774,7.2749,3.2811,5.6421,6.0553,4.2545,4.3634,3.6391,7.4767,3.3247,6.5554,4.5949,6.1163,6.7942,7.7531,5.0092,3.7306,2.8244,3.9867,5.6938,4.3128,4.7675,5.1539,4.7847,5.4067,7.2561,4.3186,4.9177,9.2368,6.0383,5.938,3.739,2.4538,3.5882,1.0075,2.4,4.9721,4.2314,5.0319,2.7312,3.2531,3.7806,2.3995,4.471,3.7924,3.0654,4.6133,3.7739,4.3419,4.4399,4.7942,4.4209,2.9582,6.8894,3.9789,1.1577,1.5014,3.993,5.5488,4.7244,5.0997,4.8223,3.1534,3.3942,1.7459,4.0377,4.7954,6.5171,4.4031,3.2764,7.7284,1.5874,4.62,4.3878,2.8144,4.4185,2.234,7.3527,3.5504,6.3902,7.7491,3.8676,3.9422,2.3627,4.7918,4.5907,3.7299,5.4989,5.8986,3.5499,4.1296,6.2339,1.9164,4.5677,4.7807,5.5606,4.721,6.0188,5.8944,3.0705,3.8537,5.06,4.8847,4.4278,6.3922,4.346,6.1106,5.2663,5.7949,4.1955,3.1995,4.9154,5.5517,5.5221,6.4647,3.4805,4.7269,5.1198,2.7338,3.9448,6.1963,5.1092,5.5473,5.1318,6.8807,4.3897,5.2307,4.2431,5.9943,6.483,3.9397,7.5415,6.2261,4.0438,8.064,6.382,5.7823,8.5023,3.8081,6.1975,6.2354,5.0139,4.4286,4.545,6.4376,3.5256
"D3","39",1.3633,3.8761,6.2168,1.7536,0.8825,1.7429,1.7037,-0.0627,2.9939,1.8875,2.0336,6.0786,2.0164,0.9988,0.2965,1.0957,3.1764,4.1182,0.5701,3.2345,0.1625,4.6471,2.1029,2.4464,0.5097,1.5184,3.9485,2.5328,4.1886,0.8901,4.1982,1.2758,1.8123,1.3375,4.4678,5.191,0.4341,1.8655,6.2538,5.2988,0.5782,3.8936,0.3633,1.5034,2.8001,3.6965,2.0282,0.906,6.5857,3.113,2.3117,5.0687,3.1932,4.1364,4.013,0.75,2.5457,2.1131,7.3171,4.471,2.1013,1.9544,5.81,3.9494,5.2439,4.7666,0.4602,2.7431,4.654,7.3979,3.8469,1.7493,3.1498,5.1759,2.7254,1.6947,1.2482,2.6525,1.4561,1.1327,6.2427,1.3617,2.4297,2.04,5.7401,1.821,4.8345,5.4881,2.6037,5.9342,1.8298,0.4612,4.5376,3.2261,1.093,5.4463,2.3179,3.8263,3.4129,5.8177,5.6026,2.1429,4.2566,8.4193,4.6059,2.4003,4.6803,1.3579,3.9098,2.8457,4.048,1.8499,2.5638,7.287,1.8349,4.3739,4.7688,1.7718,3.9961,4.6331,6.5257,3.3857,6.3031,5.34,7.8548,6.347,5.7529,1.1037,6.5789,4.3951,4.0927,7.6649,5.7905,7.1215,4.6793,7.2953,4.3595,6.3847,4.5295,6.2441,4.3421,3.1006,5.1742,1.0518,4.9724,6.1075,3.2134,7.9554,4.7415,2.7804,8.193,4.7893,5.7939,5.3844,4.5838,5.5452,3.4008,8.8712,3.1547,7.4355,4.8534,6.9803,7.7608,11.8752,5.2226,4.1181,3.9363,3.4108,4.8026,5.1576,4.3259,5.2969,6.1049,6.3674,6.9284,4.7164,6.6113,11.7518,5.9218,5.0461,4.0219,4.9428,3.5873,1.2493,3.2088,4.508,5.6337,6.2371,3.6845,3.71,4.7205,4.386,2.5725,1.5007,3.9672,4.2505,4.5365,4.8245,5.246,5.3702,5.0667,2.956,7.2033,5.3992,1.8052,3.2216,3.7485,5.7783,5.3858,4.9136,5.0649,2.6716,5.1701,1.2833,5.1663,5.6656,7.7418,3.8794,3.3197,7.0762,2.2522,4.8573,5.9,4.0536,5.29,3.0881,5.9892,4.3332,5.1926,8.9179,3.2119,4.2656,2.295,4.7424,6.0011,3.6564,6.0294,5.9144,4.0072,3.8487,7.4566,1.4301,4.6175,4.3605,6.3605,6.2087,8.0932,7.6878,2.2403,4.7193,5.578,4.1866,5.186,4.9922,5.1374,7.2145,6.503,3.312,4.333,3.2241,4.7593,6.5777,6.0979,8.3584,4.7136,5.7582,6.2127,3.5645,3.7962,6.5991,5.4434,4.5556,4.8784,8.1808,5.3789,7.2045,4.5017,3.0647,7.132,4.6679,6.4625,6.3602,4.0313,6.7912,7.3706,6.8191,8.5697,4.2201,6.9191,3.54,5.4246,5.6931,3.7316,7.3036,3.4689
"D3","50",0.8237,3.5458,3.2595,1.8168,1.6326,1.673,1.9844,0.1255,3.2682,1.56,1.728,0.663,1.2586,1.1644,1.0213,0.945,-1.1643,1.4735,0.4528,2.2832,0.557,5.0038,1.6477,2.4798,0.4282,1.765,1.4189,3.025,1.1176,0.9626,1.7232,0.4458,0.8612,1.1016,0.8095,0.802,0.5089,0.5909,4.918,0.6794,0.3871,0.0518,0.2331,0.3953,3.894,3.9791,0.4441,0.5999,4.0031,3.9302,0.2663,2.8747,3.6964,2.4594,2.1089,1.2423,1.4574,2.7025,2.8571,0.3975,1.6639,3.4225,1.4496,1.9983,2.2759,0.4375,0.4171,1.1224,1.3114,0.246,3.9613,1.1326,2.7974,7.9104,3.0368,2.1909,1.2263,4.5155,1.5399,1.227,5.7353,1.5025,2.8541,2.8668,6.6541,1.3332,2.2773,1.6038,3.3112,0.4545,1.2461,1.3673,0.2103,0.9003,0.7061,2.935,2.2729,4.1754,2.4048,2.9727,5.4741,1.9518,3.8283,1.8989,4.2218,2.3902,1.4685,1.5422,3.1194,3.4155,3.9805,0.9067,2.2056,7.127,3.3942,3.9436,4.0072,1.2019,4.524,3.8035,6.5546,1.9619,5.9244,4.8706,3.9414,3.2229,5.4211,0.8666,5.3987,2.9203,3.5826,5.3676,5.6351,3.8182,4.479,3.4588,3.1669,5.7873,4.1806,6.119,5.5173,3.4226,4.513,1.3886,5.7938,5.2654,2.9853,3.2507,3.747,2.8594,2.0237,2.701,6.3966,5.368,4.5545,4.4811,4.7844,6.61,3.3167,7.1802,4.4439,6.1481,6.4533,9.1812,4.7377,3.4392,2.5029,3.3167,4.7274,4.6067,5.2254,6.3216,5.3577,6.4898,6.6237,4.764,4.6426,7.8493,5.9467,5.0336,4.0392,2.6945,2.3676,1.034,2.096,4.6094,2.3281,7.4592,0.2082,1.2416,1.5193,3.0166,2.8174,1.5861,2.2878,4.0824,2.4647,4.3654,4.7023,5.7824,5.151,3.4506,7.5696,1.3094,1.127,2.4903,3.5912,5.4161,5.2033,5.8967,4.7158,3.168,0.8938,1.165,3.2485,5.5783,2.033,4.2938,2.8681,6.4188,1.7319,4.8376,2.4196,2.5739,4.5356,1.8926,6.1307,2.2612,4.2872,5.4354,3.4146,4.1704,3.3163,4.6245,0.822,3.0928,5.9586,5.7351,3.5861,4.4467,5.3062,1.959,4.8672,4.8307,5.5711,3.0743,5.8314,3.7584,3.2863,5.2957,4.329,4.0611,4.8141,4.8049,5.4428,5.6775,4.3817,3.5532,4.1236,3.2867,5.2109,5.4831,6.4174,6.4336,3.3773,0.585,2.237,2.2778,4.1831,6.4834,5.0582,5.186,5.0637,7.2624,4.076,5.828,4.064,4.5582,6.3075,3.1895,4.2735,6.0168,4.4375,6.318,1.2024,5.7984,8.1818,4.1015,6.0216,4.5968,5.3716,3.9198,3.1884,2.7824,3.6349
"D3","59",1.8063,4.5904,5.0506,1.7168,1.8362,1.2065,2.1858,0.7197,2.5413,2.6904,2.2161,4.2022,3.1928,0.8209,2.162,1.6708,1.8599,2.7845,1.2728,2.9709,0.9059,6.8196,2.1759,1.8695,0.4527,1.8701,2.6136,2.844,3.506,0.9128,3.0833,2.7766,1.9784,0.7036,3.4221,3.8013,0.2949,0.9128,6.5603,3.5646,0.5425,3.306,-0.4561,1.2237,4.4855,2.3934,1.2783,0.841,5.3197,1.5911,1.9177,3.6251,3.4016,2.7214,3.1717,2.5485,2.0884,3.1968,6.0561,3.2508,2.0137,1.6217,4.6945,2.6723,3.6876,3.5722,0.5136,2.1915,3.4976,4.885,3.8095,0.6749,3.7153,4.8025,2.8774,1.9973,1.1807,2.3932,2.1996,1.7498,6.5855,1.39,2.3557,1.7869,4.8663,1.4034,2.7635,4.1487,3.1241,4.2783,1.7676,0.5767,2.8549,1.8198,0.8696,3.3085,1.9311,2.6507,3.3434,4.2685,3.9854,2.1123,2.6074,6.6659,3.9645,4.4641,3.246,1.6233,4.0128,2.9901,3.4559,1.692,3.1041,7.1389,3.4858,3.9897,4.4269,1.314,4.1555,3.6932,6.8328,4.0977,6.6915,5.1854,6.0197,5.4469,5.9215,1.1042,5.1843,4.0846,5.4503,6.7653,6.256,5.4759,4.6287,5.6632,3.7417,5.8489,3.7408,6.7242,5.7085,3.2061,5.3747,2.0603,4.8607,5.9626,5.2423,6.3306,3.4484,4.2919,6.2264,3.7582,5.7029,4.8601,4.2378,4.7597,3.7182,8.1392,3.5606,6.7201,4.7023,7.3943,5.8585,7.952,5.4301,4.1116,3.8747,2.2244,6.5875,4.4316,5.7526,5.2836,4.0841,7.8476,6.5372,4.8507,4.5563,10.3784,6.5867,5.7964,4.6177,3.9247,3.029,1.5677,2.9345,6.2942,4.5457,5.6436,2.3974,4.4627,3.7879,2.8805,5.4969,2.2061,3.0751,5.0907,3.7043,4.8271,5.3872,5.4866,5.2931,2.8468,8.4829,4.4605,1.6202,2.5986,4.4311,5.5979,4.6638,6.1314,5.0227,3.5015,3.2546,1.551,5.3122,5.3159,6.1548,4.3175,3.4547,6.4227,2.7425,5.1365,4.5,2.1566,4.9475,3.017,6.2505,3.7689,5.4656,7.5993,4.529,4.1476,2.8154,5.314,4.0839,4.0183,6.6676,5.6346,4.8061,3.9018,6.8369,1.8903,5.0121,4.9646,6.4786,5.7849,7.953,5.6488,3.4429,4.222,5.1468,5.062,4.3064,5.9171,4.3886,6.6123,5.7193,3.6209,4.2915,3.1506,5.1884,6.2209,5.7459,8.7455,4.5951,4.3026,4.5632,3.7571,4.6359,6.6438,4.4492,5.8352,5.8355,7.3633,4.7467,5.6805,5.1747,6.0078,5.9564,4.026,5.5226,6.2257,4.7636,5.2473,6.3221,5.9446,9.001,4.0702,6.7011,6.1976,6.4462,4.6871,6.166,6.1139,4.0838
"D3","61",3.2137,5.0671,6.2165,1.157,2.2685,1.8856,1.848,1.7102,2.0603,2.3306,3.8718,4.048,4.0661,1.978,2.4005,1.098,1.7306,2.9882,1.7945,3.0809,1.2944,3.4446,4.2439,3.1177,2.0535,2.8259,2.6709,3.2359,2.5021,0.5249,3.0528,2.7017,2.3787,2.3851,3.2537,4.1962,0.4652,1.2625,8.9479,3.1364,2.1918,3.5623,0.8243,0.9448,2.3493,5.191,1.5302,1.8284,6.8559,3.7515,1.3187,4.73,4.6745,5.6854,3.9787,4.1467,3.1847,3.3112,5.8676,3.3631,1.2149,2.989,4.6457,2.8137,3.6604,3.2197,1.5656,3.5697,3.4756,5.0594,3.9433,3.1877,4.6426,12.9314,2.683,3.9827,2.2435,3.2546,3.2626,2.1037,7.1417,2.3109,2.9799,2.4408,4.5392,1.8354,5.5765,3.7878,2.3291,4.0666,2.0961,2.2427,2.6406,2.0456,2.1169,4.7919,2.8344,2.7697,3.6906,5.231,5.3739,2.6233,3.8613,6.4657,4.0682,7.3969,2.5916,2.3142,3.8331,3.9047,5.8144,2.4989,3.5031,6.6362,5.0928,4.6645,3.8206,2.2897,5.3236,8.1629,8.1383,4.2698,5.4524,6.3807,6.3758,4.7699,8.1561,1.2574,6.7276,3.4771,5.6435,7.3881,5.5458,6.1403,6.3699,6.0524,4.0363,6.2636,6.8344,8.0661,6.2616,5.4329,6.4347,5.3898,4.974,7.8397,4.3776,5.9479,3.2878,6.2254,6.5764,3.9238,6.8415,8.1988,5.9221,4.9905,3.7926,8.2483,5.7296,7.0492,6.7227,6.7441,8.3911,8.3626,6.3667,5.5626,4.1067,5.6028,8.5815,3.8847,6.6261,5.2003,6.1872,7.7972,7.1472,5.2535,6.2089,11.6693,7.8597,7.3146,5.7942,2.7546,5.4888,2.6537,2.982,7.1524,4.0923,4.7548,2.2403,4.4848,3.8068,3.9223,6.6056,3.8078,3.8987,5.9474,5.054,5.041,4.7507,6.2698,5.4009,4.4705,9.7982,3.9372,2.3878,3.0588,5.4286,7.4864,7.1196,7.2032,5.4169,4.3409,3.2931,3.6309,5.93,5.9761,5.8102,5.5634,5.2404,6.9012,3.132,5.8402,4.2347,4.3934,6.0798,4.0606,6.9396,4.492,6.5853,8.6499,5.125,4.6161,3.7714,6.8589,3.7831,5.3358,7.5755,8.521,5.2664,4.5294,8.2973,2.8964,10.7618,6.9911,7.4723,4.5159,6.1852,5.872,6.4655,3.9677,4.2538,6.1954,4.0747,7.2378,4.1385,6.2408,7.5378,3.7125,5.4663,4.4493,6.1743,9.5728,6.5576,9.1632,6.0532,5.0965,4.7329,3.4832,6.3935,7.9659,5.7421,7.0416,6.7963,8.7581,5.9879,6.144,6.8989,3.9479,6.4783,4.8919,5.6349,6.8125,4.0525,9.6259,5.8046,7.107,10.696,7.0677,8.8287,8.2886,7.441,6.7945,7.0939,5.7927,4.4672
"D3","77",0.3403,3.15,4.8949,1.5876,2.2656,0.7232,1.8493,-0.2568,2.6565,2.1419,1.8941,4.4109,2.2155,-0.1655,0.5888,1.4188,1.2658,2.6098,0.2851,2.5285,0.9579,3.4004,0.5818,1.6208,1.0087,1.6509,2.4927,3.0277,3.2749,1.7271,2.3724,1.6321,1.2386,0.8974,3.1914,4.0997,1.9602,0.8766,4.5578,3.2199,0.9304,3.0958,0.7963,0.8778,4.2686,2.7372,0.992,0.8515,5.2048,1.8457,1.202,3.5054,3.4466,3.5152,3.5653,0.3778,2.0884,1.7043,5.8448,3.1683,2.0395,1.0425,4.3269,3.1314,3.4595,3.4032,-0.3867,1.7058,3.1334,5.0779,3.9181,1.8389,2.6751,4.6604,2.404,2.1962,1.1363,1.9407,1.4382,1.9315,5.3241,1.5377,1.881,1.4306,3.3469,2.1584,3.3696,3.8864,2.9555,3.6533,1.9412,1.7571,2.5376,1.5678,1.1015,2.7166,2.6879,3.2739,2.597,3.9254,4.4715,1.9723,0.2303,6.2987,4.6699,1.6984,2.7515,1.7862,3.4256,2.0401,3.261,1.7035,2.3553,7.37,3.3924,4.2447,4.1458,1.5487,2.8658,3.3059,7.3253,3.621,6.2163,5.2051,5.9984,5.3958,5.0607,1.2209,5.1787,3.5973,3.9432,6.5364,5.1163,5.4233,4.8024,5.9926,3.6551,6.1185,3.78,6.2592,5.9972,2.3386,4.4412,1.5887,5.9887,7.0756,3.1035,5.827,3.8146,3.5304,6.3466,3.4307,5.7505,4.5585,4.8206,4.254,4.3363,6.7553,3.0937,7.8363,4.5067,6.1451,6.0992,7.6451,5.4725,3.266,3.5978,4.2129,5.4016,4.9861,4.3686,5.3995,5.8009,6.1984,7.3306,5.1098,5.5013,10.2165,5.7953,4.8975,3.3467,3.2054,3.4199,1.1175,2.1607,4.6108,4.1097,5.0419,2.1741,2.1504,3.6988,2.1896,4.621,0.8481,4.4775,4.4501,3.1375,4.625,4.422,5.5318,4.3777,2.4168,7.1255,3.8488,1.3742,3.2293,3.4812,5.4459,4.5508,4.6783,5.3262,2.7283,3.4015,2.6712,4.0091,5.1915,5.8139,5.1239,2.7939,7.7859,1.0447,4.9374,3.9421,2.202,4.9679,1.9547,7.7162,3.8211,3.1466,7.4488,3.4562,3.8126,2.4483,4.9363,3.7857,2.8504,5.7574,5.9237,3.672,4.5236,5.5084,1.7078,3.4244,4.0006,5.4405,3.9997,5.8506,5.3244,2.2175,4.7631,4.4842,3.9696,4.5142,5.8572,5.1422,6.4209,5.3606,3.6996,3.9794,4.1033,5.0995,5.1391,5.6493,6.5731,3.5143,3.7544,4.5302,3.676,4.5745,5.589,6.2347,4.5856,5.3446,6.7225,4.2553,5.3929,3.8429,4.2426,6.5806,3.9869,5.0635,5.0425,4.6111,7.1009,5.782,5.1996,8.4152,3.3918,6.1003,5.8843,5.0194,4.3822,3.1088,6.5112,4.1375
"D3","79",0.2228,3.7978,4.0428,1.4743,1.912,1.2093,1.8058,0.4897,2.0037,1.6519,2.5019,5.1779,4.0391,0.8238,1.3661,1.9529,2.3252,3.5181,0.7474,3.7612,1.2537,5.0088,2.7885,1.5012,0.4201,2.2993,3.4229,2.0452,3.7686,0.7789,2.9929,3.5465,1.6916,0.6282,4.0958,5.4465,-0.0357,1.2934,5.0898,4.4109,0.2858,3.4638,0.3625,1.0227,4.087,3.2523,2.1553,0.5627,4.8027,1.6376,1.5443,3.237,4.2425,3.4117,3.7971,5.0244,1.6208,1.2122,6.9265,3.5477,0.6524,5.8739,5.6661,3.526,3.7016,4.2951,0.7481,1.922,4.7341,6.2136,3.9019,1.9932,4.2768,6.745,2.9586,2.3987,1.3592,2.6253,2.9746,1.0085,4.9204,1.9191,3.5471,2.0663,5.9816,1.5619,5.0862,5.0458,2.7645,5.2233,2.2159,0.6467,3.5848,2.6028,1.8659,2.3996,1.681,2.8222,4.7607,5.2603,4.8659,1.8622,5.4746,7.3089,4.3792,3.5006,4.1419,1.4991,3.726,3.7722,5.5464,2.5615,2.8312,7.0149,4.0502,4.1653,4.3776,1.5956,4.9843,3.8866,5.6861,3.2534,6.1206,5.3291,6.7514,6.2052,6.4371,0.8765,6.124,4.9945,6.3063,7.1164,5.1597,6.6147,5.1555,6.7258,3.7929,6.2818,2.6433,6.4521,5.9467,3.3161,6.9122,2.7095,5.5876,5.9015,4.4327,7.3045,4.1924,5.0809,7.1167,4.0246,5.7006,6.2907,4.0233,5.3214,3.6349,9.0703,4.0566,6.658,5.9448,6.1396,8.2441,9.3667,5.0442,3.9133,4.3231,5.8239,4.7628,4.5349,5.7194,4.3906,7.3955,6.5654,5.4478,5.3881,10.1234,12.9693,7.0096,6.6365,4.816,3.0304,3.588,1.6867,3.5282,6.0081,5.1068,5.6974,3.5916,5.1052,4.6612,3.2775,6.2679,4.8091,4.6372,4.2899,4.2735,4.1709,6.1699,5.9899,5.1361,4.3056,6.7244,5.0878,0.9112,4.216,3.4658,5.8347,4.7029,6.2134,4.4123,3.3454,5.6867,1.2795,3.8422,5.181,6.1839,3.8452,3.3632,6.2983,2.8066,4.9676,5.7419,2.5689,5.7188,3.0701,5.5576,4.2069,5.9895,8.3935,2.6477,4.2476,2.4041,5.1323,5.4189,3.8687,5.5483,6.4486,4.1506,3.8995,7.4887,1.6683,5.2189,5.748,6.8069,5.3504,7.0593,6.7925,2.9577,4.5638,5.5801,4.3995,5.3154,5.5811,4.4393,7.293,6.8061,2.4101,4.595,3.0701,5.0111,4.1916,5.972,6.4366,4.3356,5.4002,5.8131,3.3376,4.478,7.1912,5.7099,5.7843,6.0342,8.5553,4.3649,6.189,4.5778,5.0727,7.1666,4.9169,6.3664,5.3665,3.0065,6.3466,6.8945,7.0073,8.0424,4.8305,7.5924,6.5825,5.9688,5.1367,4.8706,6.8277,3.5293
"D3","87",1.3908,3.6586,4.5999,1.7122,1.6014,0.3085,2.0634,0.6692,2.6499,1.2719,2.1474,1.6718,2.4083,0.6711,0.9731,1.2686,0.3297,1.6123,1.374,3.4822,1.305,5.1902,2.1228,1.6006,0.2184,1.4376,0.8601,2.4211,0.6276,0.793,1.2458,1.708,1.1241,0.3817,0.9378,1.5021,2.31,0.1186,5.6767,0.0417,0.9039,0.7673,0.6237,0.6476,4.3604,2.4745,0.3487,0.444,3.6052,1.7866,0.8748,2.494,3.6521,3.5013,3.4663,2.3185,0.9498,2.6616,2.9677,0.9848,1.7238,3.5464,1.8005,1.2528,1.2007,0.6901,0.8107,1.6055,1.3018,1.5182,3.597,1.269,3.0349,3.4826,3.118,1.8773,1.1307,1.6372,1.518,2.3283,5.4507,1.6587,1.5891,1.5344,4.8902,1.5504,2.6386,1.2577,2.868,1.0855,2.4255,1.7932,0.0687,-0.3811,0.8843,2.5719,1.8852,2.121,2.2125,3.0492,4.9402,1.9881,4.8613,2.9009,4.6039,3.6414,2.1037,1.65,4.2091,2.5846,4.0999,1.8935,3.1455,7.6965,3.689,4.5609,4.1963,-0.2185,4.4216,4.3341,7.1677,2.9555,5.9605,5.4233,4.35,4.6893,5.4799,1.4062,4.9913,3.4842,5.0857,5.9216,6.8469,3.3682,4.7997,3.0496,3.536,6.4733,3.5803,6.1762,6.0863,2.6193,5.2083,1.5791,5.3588,6.6366,3.5856,4.1349,2.0047,1.9117,3.0513,2.043,5.1856,5.7321,4.7826,3.0251,3.5897,7.6838,4.0033,7.1532,4.7451,6.7423,6.9487,10.5673,5.1714,4.1222,4.0342,4.1574,5.832,5.0798,4.622,5.2834,6.2508,7.057,7.4266,5.2461,7.6287,10.4095,5.9416,7.4634,5.359,4.312,2.5276,1.4742,2.509,4.9251,1.999,4.7866,0.6948,4.2593,1.962,4.0087,4.8351,2.7256,4.226,4.985,3.608,5.119,5.2993,5.1554,7.6333,3.5647,8.7546,3.493,1.9655,2.3485,3.7441,5.8872,5.2009,6.1107,5.446,3.7119,0.6436,1.5642,5.2467,4.262,3.7904,4.8645,3.5395,7.452,5.7847,5.4377,2.0693,2.354,5.0569,2.5735,7.9465,2.6164,5.2082,6.2531,3.6912,3.9154,2.9065,5.6563,1.3641,4.5328,6.3897,6.0237,4.4589,4.4907,6.4647,1.919,5.2156,5.2311,6.1794,5.0214,6.9783,3.391,2.9407,3.5933,4.9164,4.8002,5.2405,5.7256,3.9343,7.0285,5.3419,4.8446,4.468,4.436,5.4323,6.8787,6.316,7.1898,4.7691,1.5858,1.6209,3.3927,4.4594,6.623,5.4087,4.4438,5.6591,7.3368,4.733,6.8921,4.803,4.8481,6.7569,4.262,6.7479,5.9227,5.0789,7.569,2.9843,6.2319,8.7392,4.3244,6.6261,6.2272,5.5446,4.9,5.87,4.775,3.9942
"D3","92",0.6984,2.9253,4.2279,1.4586,2.0791,0.1044,1.6259,-0.1067,1.5878,1.5528,1.437,2.2095,1.9507,0.7384,0.4076,0.8438,-0.0522,0.9264,0.0383,2.2697,0.7719,1.466,1.449,1.2856,0.5255,1.4015,1.0737,2.4343,1.854,1.3258,2.2853,4.6326,0.829,0.1172,1.2736,2.1577,0.6876,0.503,3.2465,1.1287,0.1547,0.9574,0.2588,0.8613,2.2024,2.3876,0.3728,0.5725,3.5386,1.023,0.8402,2.2403,3.5584,3.0427,2.8984,3.8267,1.4866,2.3845,3.6596,1.0407,1.5727,1.5237,2.0433,2.0318,1.6996,1.6446,0.4415,1.6142,1.8976,3.4657,3.6336,1.08,2.4819,5.4522,2.661,2.1055,0.8329,1.4298,2.3587,1.2596,5.3359,1.4714,1.4737,1.7199,4.3208,1.4124,3.3777,1.2583,2.2386,1.7556,1.2444,1.2141,0.6406,0.7621,0.9101,2.561,2.923,2.5298,2.2256,2.698,4.8482,1.5922,4.1927,3.9332,4.6151,1.0962,2.0475,1.7879,3.3701,2.5277,3.8009,1.3164,2.5557,6.2364,2.7357,3.9096,3.7507,1.2014,4.5844,3.6441,6.6403,2.4735,5.7007,5.1546,4.1503,3.4411,5.5598,1.4515,4.0017,3.3567,4.4676,5.5925,6.3843,3.1311,4.4064,3.9476,3.0727,5.4296,2.3372,4.864,5.8823,2.4263,4.8584,1.1975,5.2339,5.8278,3.4283,4.0622,2.8085,3.3024,4.2503,1.399,5.1705,4.8786,4.3698,2.354,3.8009,7.6976,3.4728,6.6196,4.5995,5.6565,4.9911,9.342,5.0505,4.0686,3.3942,4.1757,5.9087,4.216,4.4833,4.014,5.3731,5.3936,7.2027,5.0818,3.2322,9.1305,6.1934,5.8544,2.7135,2.9427,3.4918,0.8936,2.573,3.9564,2.3235,5.1906,0.6959,2.3665,2.0394,2.5591,4.317,1.1543,2.3913,4.0561,2.7552,4.2591,5.3876,5.173,4.0686,2.849,5.1444,2.1964,1.2947,1.2904,3.3494,5.8177,4.3562,5.5293,4.6696,2.8053,1.5115,1.1313,4.1171,4.1003,3.7561,4.8929,2.7188,4.9569,1.5198,4.7252,1.9336,1.1817,4.3803,2.1013,6.6051,2.1013,4.582,5.8944,3.0482,4.2672,3.0705,4.907,1.8093,3.5923,5.7295,5.9113,3.4235,3.2683,5.6837,2.0527,3.9571,4.3413,5.814,4.9094,6.0888,3.425,3.8425,3.3751,3.9031,4.2095,4.7638,5.1722,3.8453,5.8804,4.6741,4.1099,4.3045,3.6316,4.6654,5.217,5.9655,6.8865,3.718,1.6656,2.8733,2.5568,3.9263,5.6627,4.311,4.827,4.9763,6.9377,4.2772,5.4817,3.9423,4.3451,6.5506,3.2635,6.1212,5.8117,5.1271,7.4841,3.7738,6.2831,7.4777,3.2655,5.8962,5.7917,5.4518,3.8099,3.8823,4.5945,3.7348
"D3","98",0.2657,3.6959,2.0564,1.3735,1.0579,0.4445,1.5642,0.6783,2.8885,1.7385,2.1116,1.9123,2.6879,1.0132,0.9347,1.1286,-0.4036,0.9272,0.7056,2.7621,1.2938,2.7918,1.15,1.2245,0.3359,1.9507,0.171,3.1937,0.9295,0.8748,0.8347,2.9141,1.3499,0.6155,0.7108,1.2723,1.1547,-0.0554,3.6679,0.2698,0.0773,0.2832,0.8864,0.5546,3.8141,2.1552,0.2058,0.7825,3.4599,0.328,1.2258,0.8058,3.3704,3.7877,2.9921,2.2551,0.8329,1.1012,2.9462,0.7893,1.4774,2.2769,1.2018,0.213,0.3922,0.9611,0.8352,1.0236,1.3254,2.7716,2.9475,0.6169,2.9565,4.6322,2.3505,2.6513,1.7336,1.4476,2.0999,1.7355,5.5283,1.3687,1.3665,2.3368,3.7163,1.977,2.7422,0.7916,2.5368,1.5638,1.899,1.1447,0.0625,0.3822,1.2234,2.8653,2.3768,1.6852,1.8213,1.7208,5.2701,2.4963,4.0744,2.9502,4.345,1.0661,2.1878,2.5577,3.5496,3.1884,5.3041,2.702,2.9664,6.4564,3.0365,4.2595,3.3787,-0.0537,4.3519,3.7953,6.8839,2.5775,6.8228,5.0799,2.8393,3.2391,5.0777,1.1073,3.847,3.4315,6.2193,4.5145,6.1845,2.2564,4.6062,2.6654,3.3532,6.2938,3.2149,6.3255,6.3103,2.535,6.4098,2.3138,6.6209,6.5841,3.4851,3.5578,1.3586,4.2576,2.8712,0.4952,5.0432,5.5713,5.4448,2.0132,3.6369,7.9528,3.8753,6.6344,5.9747,5.6099,6.9363,10.6523,4.6859,4.2414,3.4968,5.0434,5.6716,4.9033,6.0839,4.8006,6.5782,6.3847,6.1807,5.4129,7.1166,9.538,6.5662,5.0611,5.4805,3.2767,3.4893,1.3888,3.1039,6.2861,1.6299,4.6853,0.3919,3.8625,1.3731,4.7806,5.6714,3.3801,2.9398,4.0135,3.3846,4.919,5.8171,6.976,5.2044,4.0312,6.8788,2.0189,1.7571,2.2789,3.9614,6.3345,4.9353,6.1812,4.712,3.7785,1.3489,1.5551,3.97,3.5994,2.7673,4.5728,3.7026,5.8369,3.7865,4.8378,1.563,0.567,5.0822,2.8356,6.136,1.573,4.7611,6.5074,4.0636,4.9616,2.0522,4.6435,0.8198,4.2909,6.7304,7.702,3.7359,5.4944,7.1352,1.9677,5.4718,5.8985,6.3074,4.5378,6.5025,2.6525,3.1187,3.0197,6.152,4.4522,4.9606,5.8605,3.4305,6.738,5.6516,3.4874,5.1601,4.139,5.5522,4.9752,6.6777,8.0118,5.3369,0.7746,1.848,2.9246,4.4891,7.2848,6.3115,3.4638,6.0229,7.6359,4.7322,6.0959,5.4669,8.8344,6.5703,4.573,6.2562,6.7336,3.8205,7.2073,2.6442,6.1997,8.1352,4.861,7.3187,5.8391,5.4859,5.6524,4.9758,5.2262,4.0277
"D3","106",0.599,3.3288,5.487,1.1224,1.2938,0.6504,2.0159,-0.4205,2.0586,1.7837,1.837,4.9293,2.6349,0.3626,0.7987,1.1489,2.3694,3.453,0.7892,2.7977,0.7614,2.1228,2.2312,1.627,0.0415,1.7652,3.2674,2.4544,3.7228,0.384,3.6009,1.8303,1.4753,0.7809,3.7763,4.8485,0.9948,1.4425,6.7649,4.4042,0.37,3.2294,0.178,1.019,2.5235,2.5946,1.5888,0.5735,5.4139,1.7918,1.9647,4.2844,4.2064,3.4012,3.1107,2.2533,2.2056,2.2616,6.9029,3.9087,0.8043,3.7563,5.4039,3.4732,4.5807,4.3616,0.4935,2.3317,4.2488,6.2876,3.7047,1.5909,3.4032,7.2964,2.6726,1.7969,1.3473,1.382,0.9994,0.9715,6.5333,1.4213,1.7205,1.4707,4.5149,1.8502,4.9088,4.7827,2.5712,5.6352,1.1745,1.7349,3.3617,2.5766,0.7303,2.6122,2.5996,3.6768,4.3045,5.2207,4.5019,2.0117,3.9318,7.6336,4.5886,2.8708,4.3032,1.756,4.108,2.4134,4.0789,2.0282,2.7972,7.1516,3.1062,4.1015,3.7309,2.0535,4.0327,3.9231,5.8526,4.0078,6.5192,5.2577,7.1184,6.3354,5.6263,1.0374,6.017,4.192,4.5599,7.2694,4.9114,6.5137,4.642,7.0148,4.2339,6.1062,2.7427,7.3847,5.408,2.3736,5.2818,1.5229,6.0152,5.5383,4.2922,7.1314,4.0446,3.7614,7.5652,4.1532,6.069,5.2414,4.156,4.9456,3.4396,8.5682,3.2714,7.0935,5.0252,6.2613,7.2191,7.8668,4.4641,3.3235,4.1311,3.9161,5.5076,4.2414,5.2191,5.6082,5.5867,6.8962,5.1798,4.8076,8.1639,11.8816,6.1165,6.2863,4.9592,3.5883,2.7918,1.287,3.6799,4.8985,5.2088,4.72,3.273,3.5444,4.2387,2.8243,5.4405,1.4584,4.0616,4.4803,4.0822,4.7615,5.1669,5.1558,4.9895,2.8458,6.5093,4.6514,1.3134,4.0048,3.827,5.7347,4.1168,7.1363,5.1191,3.0688,4.5533,0.184,4.277,5.0699,6.7512,4.51,2.8036,6.3945,3.283,4.7889,5.2416,3.0297,4.4827,2.5876,6.7111,3.748,4.7566,8.3165,3.5174,4.1577,2.6206,4.9067,4.9803,2.7255,6.0429,5.4798,3.8906,3.8179,6.8245,1.5163,4.1552,3.9485,6.3782,4.9595,6.7389,6.7681,3.1872,3.7347,4.4722,4.6783,4.1735,4.5483,4.3997,7.4936,5.7336,2.1663,3.5155,2.7204,5.0234,5.2539,5.5844,8.1634,3.5977,5.3584,5.7928,3.7469,3.8842,6.3616,5.3436,4.5348,5.4607,7.1892,4.1701,6.1565,4.6023,3.3643,7.293,4.715,4.7456,5.7659,4.5878,5.1645,6.9857,6.6388,8.0926,3.8337,6.5188,5.7284,5.8363,4.6378,5.2597,6.6902,3.3371
"D3","123",1.3103,4.3674,1.7696,1.3884,1.5968,0.7241,1.9529,0.4852,1.6585,2.3493,2.1089,2.6276,3.8998,1.455,1.3462,1.4223,0.7557,1.9724,0.8194,2.9104,0.9382,0.7834,2.879,1.681,0.1805,1.9,1.5246,3.7544,2.1462,1.1273,1.9823,4.0622,2.0614,0.7937,2.1117,4.0896,0.9212,0.9861,5.8028,1.8603,0.4507,1.6604,0.5624,0.8915,3.8338,3.6963,1.2662,0.8776,3.7179,1.8565,2.0846,1.9797,4.4677,3.7717,3.291,2.7465,1.7318,3.6572,4.9373,1.9758,1.7014,2.1283,3.1091,2.4823,2.1719,2.9183,0.9286,2.4101,3.1989,4.033,3.7212,1.5943,3.912,5.6208,2.8866,2.668,1.3778,3.5699,3.3205,2.1427,6.3304,1.239,2.6821,2.3599,6.3479,2.1976,3.2818,2.7197,3.4634,3.1294,1.501,0.7605,1.8608,1.5473,1.3761,4.1783,1.7425,2.514,3.6865,3.6112,5.4479,2.3204,5.1933,4.8247,4.9587,4.3903,2.9798,2.1582,4.0416,4.0069,6.045,2.0364,3.1971,6.5354,4.1587,4.0841,4.3321,1.407,3.9714,4.6471,6.52,1.5536,5.1562,5.307,4.8174,5.6054,6.4062,0.9019,4.8035,4.37,5.9517,6.0506,5.6048,4.5282,5.5618,4.8956,3.5744,6.3986,4.3498,6.3373,6.5996,3.7635,6.5526,3.3472,4.6972,7.1068,3.5008,5.6787,2.9969,3.8409,5.3532,2.653,5.8721,6.5802,4.6006,4.1274,2.9816,9.2296,3.8296,7.0944,5.9907,5.875,7.67,8.9504,5.2028,4.2779,3.5146,4.0123,5.6707,4.3474,6.1239,4.6015,4.6108,7.0491,6.6567,5.4597,7.2757,13.0535,6.9412,6.5614,4.905,2.5291,3.61,1.587,3.2626,4.3147,3.6561,5.5024,1.2805,6.2655,2.8424,3.1224,6.8578,5.6074,4.0118,4.1996,3.9709,4.0784,5.2036,6.0874,4.3612,4.0297,6.4852,4.9264,1.1346,3.8705,3.9014,5.716,5.8754,7.0573,4.6899,3.7558,3.2448,2.197,5.3178,4.7945,4.5677,4.2909,3.5642,4.9817,3.213,4.9839,3.3675,2.1888,5.3634,3.4452,7.3337,3.7762,8.5114,7.4549,4.37,4.1582,3.0895,5.3249,2.0735,4.3946,6.7047,8.2382,4.4356,4.8131,6.9085,1.0006,6.0145,6.1553,6.6328,5.9382,7.8546,4.4845,2.5973,3.9074,5.952,4.1972,5.015,5.763,4.2855,6.4696,6.8309,4.2745,5.9448,4.0242,4.7556,4.6085,6.4549,7.0808,5.7058,4.0452,3.7144,2.5694,5.1812,7.4813,5.9494,6.2451,5.7934,7.8086,5.0285,6.0043,5.0255,7.0764,6.4849,4.4068,5.7446,5.9737,4.05,7.6325,5.2113,6.5245,8.8591,4.5156,7.1409,6.4581,6.9276,4.9896,4.9648,4.8816,4.2558
"D3","128",2.1288,4.1803,1.3581,1.0139,0.961,0.292,1.4155,1.0035,2.2844,2.4571,2.1479,1.5134,2.2566,0.9796,1.3832,1.6009,-0.7934,0.9291,0.9839,2.8944,1.4947,0.0492,1.3884,0.4474,0.1772,1.5519,0.4072,2.5442,1.5703,0.6915,1.3709,2.3254,1.9649,0.7893,0.263,0.771,0.6837,-0.0857,3.5862,0.7911,1.0553,0.6409,0.8466,0.2966,5.0783,2.9319,0.5511,0.9337,3.3671,0.8416,1.049,1.1256,4.3629,3.6294,2.2236,1.5702,1.561,3.6913,2.5434,0.4558,1.5391,5.2086,1.0727,1.1182,2.0194,0.5208,1.6071,1.1944,1.1397,1.3265,3.9069,1.9166,3.1797,3.1804,3.513,3.3912,1.7464,2.4467,3.4254,2.1271,6.4319,1.5373,1.7875,2.9062,5.795,1.5393,3.6347,1.2192,2.0823,0.218,2.3208,1.0719,-0.0755,0.2395,1.1441,3.9615,1.4045,2.8686,2.2638,2.9364,4.1117,1.9497,4.4664,1.5395,3.5317,3.4098,1.7836,1.8109,2.9909,3.7736,3.738,0.9355,3.0103,4.5426,2.9016,4.0586,4.3549,0.4398,4.7766,4.2389,6.8995,3.0796,5.1182,5.3155,3.0748,4.1365,5.3182,0.6724,4.6233,3.6359,4.3827,4.1627,6.4571,2.7726,5.7644,2.7352,2.8894,5.8628,3.9562,5.4292,6.7865,2.3655,6.0469,3.7128,4.5598,6.4958,2.7893,3.9571,2.3066,4.2818,2.0079,1.9216,4.6708,7.3255,5.5996,2.666,3.4648,7.6638,3.9608,6.0038,5.5948,6.5125,6.3412,8.7613,4.7384,4.5755,3.6466,3.7022,6.4535,4.266,6.4927,4.8054,4.16,7.4141,6.1626,4.7259,4.3147,10.4815,7.0415,5.7547,3.801,2.2973,4.6952,2.0452,2.0802,6.0833,1.7692,6.8052,-0.0711,3.2538,1.2128,3.1715,5.3292,1.9425,2.8217,4.3401,3.6001,3.8303,4.8854,6.2413,4.6082,3.909,4.9469,1.9744,1.1294,1.9456,3.539,4.938,5.3469,4.3283,4.1194,2.9556,0.3521,1.8923,4.361,4.4046,1.5991,3.8882,4.1388,5.0476,3.2775,5.1342,1.1736,0.9329,4.6681,3.0372,7.4299,2.3071,4.8529,6.5822,3.5463,3.5063,3.3451,5.3057,0.4696,4.1443,7.972,5.7566,4.3079,3.9625,6.3039,1.3209,6.6599,6.2293,7.6459,5.5215,6.9295,2.6877,4.2271,3.6438,5.7633,4.1387,4.7282,5.5991,4.3655,5.2027,5.5095,4.8068,5.1417,3.9929,4.8984,3.7154,6.9505,7.8017,4.9049,1.0651,1.4483,2.3173,5.7449,7.2522,3.8201,5.5158,5.1486,8.0251,4.5316,5.7189,4.9756,7.498,5.4585,3.6122,6.2795,5.7779,4.0646,7.1452,2.0493,6.169,8.2723,4.6437,7.7852,6.5047,5.113,4.4032,6.4899,3.5296,3.494
"D3","136",0.5704,3.9515,4.2762,1.2592,2.0684,1.0619,1.5597,0.492,2.7915,1.2011,1.5755,4.3373,1.1348,0.4147,1.1247,0.9888,1.8839,3.0532,0.5903,2.9422,0.2415,2.0645,1.5385,1.3006,0.7371,1.659,2.092,2.5259,3.2897,0.395,2.4694,2.5511,1.4796,0.5436,3.3708,4.3578,0.6721,1.012,3.9749,4.5385,0.1847,3.3624,0.0144,1.4929,2.5189,2.9516,0.7201,0.5946,4.9373,1.7531,1.6456,3.3894,3.5808,2.8255,2.7134,2.1277,1.3538,1.6364,6.3872,3.3488,2.1363,0.9852,5.1433,2.9175,3.6082,3.364,-0.1406,1.5731,4.3229,5.9394,3.7091,0.4566,2.5845,3.0109,2.0313,2.4429,1.3592,1.8426,1.5435,1.4379,4.0041,1.8423,2.2049,1.9287,3.8524,1.147,2.4048,4.3026,2.6184,4.6801,2.1567,1.1325,3.1536,2.0832,0.937,2.5868,2.5207,2.9857,4.6355,4.4286,4.6693,1.6764,3.678,7.2936,4.1016,1.7841,3.9405,1.8283,3.32,2.0318,3.7135,1.2522,2.421,7.0266,2.9434,3.5689,4.5611,1.2815,3.5162,3.2701,6.896,3.4378,6.4286,4.9783,6.4161,4.7096,4.8949,0.8308,5.5619,4.2223,5.0378,6.5709,5.7112,5.3218,4.9073,6.2887,3.9204,6.2028,3.2418,5.6485,5.1698,2.5237,4.9841,1.9726,5.8236,5.353,2.8749,6.7795,3.8875,4.4541,6.9192,3.7601,5.1427,4.9774,4.3468,4.4318,4.1932,8.6061,3.8024,6.1321,4.9703,5.272,6.8429,6.9388,4.4574,3.3246,2.8463,4.2638,5.7706,4.0985,5.0422,5.0171,4.5369,6.6127,5.8609,4.8185,2.7022,10.9018,6.0376,5.5247,3.8481,2.1955,4.0905,0.9251,2.5119,3.9402,4.7151,5.208,3.1404,4.838,3.986,2.7555,4.0454,2.9816,2.7408,2.83,3.8003,3.7913,4.9393,5.0011,4.6779,3.2601,5.2331,4.4686,0.7489,1.9004,3.1524,5.2032,5.0094,5.4607,4.5951,2.9489,4.2545,1.2782,4.5215,4.6686,6.5611,4.4875,2.3458,6.0249,1.0616,4.9545,4.8412,2.2001,3.7275,2.7256,7.4985,3.5967,4.9664,7.9099,2.3804,3.5231,2.3108,4.9938,4.3971,3.4769,6.071,5.5567,3.5915,4.1648,5.7753,1.7601,5.1939,4.9239,6.0845,5.4456,7.3792,5.8002,4.2105,4.058,5.6525,4.4693,4.6115,5.9861,4.6729,5.9589,5.2387,4.6178,4.1077,4.2924,4.6309,4.7957,6.0786,5.5215,3.367,4.7727,5.2123,3.603,4.7755,6.0061,5.4214,5.2742,4.733,6.7771,4.8691,4.6923,4.2381,5.6688,6.6451,3.9599,6.5742,5.8987,4.5752,6.6524,6.8974,5.1181,8.3471,3.7372,6.4578,5.38,6.1333,3.8138,4.2616,6.4688,3.3303
"D3","139",0.6649,4.5481,4.5459,1.7053,1.2979,1.7591,2.079,0.7677,1.4776,2.1848,1.9975,4.6334,3.2116,1.0105,1.513,0.9058,2.2853,3.5078,0.5593,2.8256,0.9579,3.2383,1.864,1.5522,0.5538,1.9616,2.9355,2.3853,3.6674,1.1284,3.365,3.1838,1.3368,0.9901,3.4565,4.6431,2.0637,1.3354,7.2399,3.9063,1.0067,3.5229,0.0655,1.4347,3.7373,2.9253,1.9221,1.0041,5.4142,2.3479,2.3639,3.99,3.9479,3.4654,3.9201,4.2648,1.8275,2.0093,6.5252,3.8398,1.8212,2.5123,5.0979,3.2683,4.5966,3.8953,1.104,2.22,4.0851,5.8579,3.3071,1.6855,3.6376,6.8661,2.5177,2.5868,1.3048,1.885,2.1882,1.9148,5.7571,1.5505,2.6876,2.0659,4.5041,2.2614,4.3891,4.3346,2.9071,5.2132,1.8093,1.2788,3.0365,2.536,1.0619,2.3654,2.3453,3.1004,4.0425,4.8138,4.4062,1.7775,0.7734,6.9666,4.2571,4.0996,3.6178,1.4772,3.1504,3.1935,3.6561,1.7886,2.4382,6.6034,3.2886,4.1562,3.615,1.854,3.9561,4.6519,7.2286,2.9923,6.5595,5.3932,6.4797,5.9883,6.4552,1.0251,5.7657,3.8727,5.2587,6.7124,5.8862,6.4045,4.8234,6.4023,3.7151,6.4028,3.5072,7.9145,5.27,2.9663,5.24,1.9494,5.2164,6.8805,3.6547,6.8613,4.1061,4.8298,6.8737,4.1249,5.2392,5.4925,4.8735,4.9836,3.6291,9.0041,3.9063,7.0988,5.0587,6.5264,7.5178,9.9129,5.3197,4.3131,4.9861,4.3471,5.7672,3.9285,5.1358,5.1659,6.0317,6.2727,6.7319,4.9977,6.91,10.6147,6.7538,6.9181,4.3828,3.0772,4.094,1.3808,3.3485,5.4371,4.7716,5.9528,2.9018,4.3634,4.3187,3.4319,4.3623,3.7804,5.512,4.7699,4.4513,4.4512,5.3856,5.7246,4.7971,3.2152,8.1288,4.4803,1.5453,4.307,3.7533,5.8768,6.0611,5.9161,4.6766,3.384,4.6562,1.7761,4.5604,5.2998,6.1147,3.9285,3.5539,6.5055,3.2888,4.8292,5.4209,2.8869,4.841,3.0412,6.8471,4.1897,4.202,8.2815,3.52,4.4747,4.9168,4.6357,4.5853,4.1807,6.4407,6.6678,4.5851,3.7577,7.0914,2.1611,5.3461,5.3401,6.4884,5.2177,6.6823,6.3457,3.0069,4.493,5.0866,4.4119,4.4838,5.9811,4.9512,7.1741,5.5907,3.6687,4.1715,2.9197,5.2132,6.3699,5.7054,7.5398,4.068,5.0069,5.637,4.0871,4.7532,6.5925,5.4824,5.7474,5.5604,7.4204,4.6666,6.443,5.183,5.2495,7.0007,4.0329,7.7973,6.8202,3.8501,7.569,6.7015,6.7349,8.8516,4.3541,6.9936,6.1083,4.6442,5.4158,5.351,7.2929,3.7406
"D3","140",0.1295,3.5284,4.9491,1.3549,0.9231,0.9698,4.0007,0.3411,2.6851,1.1569,1.6086,5.9656,2.7086,0.3988,1.5712,1.1524,3.4129,4.171,0.684,2.8775,0.8422,1.5897,3.2009,1.1897,0.4721,1.7511,3.6408,2.7805,4.9582,0.2534,3.2338,1.3712,1.9327,1.1134,4.8229,6.1629,0.6199,2.3338,3.6856,6.5677,0.4858,4.8738,0.4892,1.8783,3.5135,2.6249,2.4129,0.846,5.7072,3.4031,2.0505,3.7351,3.1517,3.4202,3.5565,3.914,2.4105,2.6036,7.8367,5.2073,1.0185,2.0924,6.5685,4.3855,5.9381,5.4364,1.216,2.8537,5.6868,7.3225,3.7047,1.1466,2.6449,3.6383,1.4507,2.3023,0.5325,1.964,2.1225,3.1989,4.5931,1.3599,2.4562,1.6433,4.151,2.0525,2.9792,6.0685,2.4781,6.5835,1.6736,0.2683,4.7299,3.8828,1.107,2.0395,1.2837,3.232,5.6944,6.0207,4.6795,2.2693,2.9234,8.2304,3.6616,1.497,5.448,1.4846,2.1888,2.4149,5.3876,0.6644,2.7589,5.2957,3.4043,3.2453,4.9702,1.3609,3.2482,3.2444,6.655,3.7395,7.6419,5.1148,7.8002,7.0232,5.4165,0.9793,6.4483,4.7019,5.5465,7.7653,7.5396,7.3639,5.0844,7.6504,4.1736,6.3177,3.6109,6.0844,5.8745,2.6047,6.1979,2.0722,5.5775,5.9435,2.4504,7.9765,4.9589,3.3748,8.092,5.069,5.561,5.4923,4.0935,5.7743,3.7708,9.1545,3.0475,5.5561,5.4928,4.8201,7.4548,10.1714,4.2606,3.1575,3.141,4.3619,5.7067,4.2902,5.4316,4.141,4.9877,7.2545,6.1544,4.8664,4.6766,13.3564,6.0332,4.7306,4.8889,2.1562,3.896,1.1522,2.3034,5.5377,6.484,4.5979,4.6016,4.9945,5.7229,2.9018,5.2732,3.8924,2.4151,3.2299,4.4242,3.4967,4.9233,5.0347,4.0405,3.4254,5.7405,5.9058,1.2026,1.9397,3.3124,6.1118,5.1861,4.0049,4.667,3.3605,6.8155,1.8948,5.4534,5.6495,8.0568,4.0257,3.4361,8.3801,2.2789,4.653,6.5628,2.9747,4.2082,3.3207,6.5358,5.0221,5.2867,9.2379,3.7221,3.0727,2.627,5.23,6.7413,4.5204,6.6971,6.1984,4.0445,3.7987,5.9716,1.7216,5.2189,5.1559,5.3777,6.3851,7.7884,7.6485,2.4649,4.3833,4.894,4.0513,5.0283,4.9595,4.3451,6.0909,6.7646,4.5749,4.7443,3.9757,4.2586,5.5509,4.6466,7.6119,5.19,6.6699,7.0749,4.3764,4.3443,6.2166,5.4244,5.8337,5.3191,7.4143,5.247,6.8803,5.1682,5.3569,6.571,4.7816,6.7654,5.1651,4.5784,5.3143,7.6507,5.6605,8.3131,3.8833,6.9628,6.2402,5.4692,4.5271,5.0097,7.8185,3.6783
"D3","152",0.7924,3.0596,3.0741,1.7147,2.4133,0.9991,2.5235,0.3415,1.6608,1.8404,1.7966,3.2284,2.5401,-0.1835,1.1931,1.264,-0.033,1.6537,-0.0635,1.9893,0.705,0.7247,2.4819,1.607,0.3986,1.3744,1.1851,1.8093,2.7338,0.7718,1.7182,2.4917,1.6075,0.6287,1.504,1.8209,0.5091,0.3977,4.3483,1.3418,0.3186,0.6962,0.116,0.6133,2.5453,3.126,0.3588,0.187,4.0454,1.3254,2.8346,2.5286,3.3664,1.8749,2.3246,1.9808,1.4432,2.0194,3.8907,1.4305,1.4199,1.4145,2.4245,2.0105,2.1985,1.8205,0.4215,1.295,2.1931,2.8963,3.377,0.9924,3.0842,4.207,1.8198,2.1279,0.8023,3.7227,1.7812,1.4425,5.3691,1.3804,2.2181,2.2768,5.5658,1.435,2.696,2.2127,3.1839,1.0786,0.876,1.8104,0.7244,0.7207,0.4989,2.0981,1.5305,3.1495,2.0446,2.9584,4.6277,1.8085,2.8019,4.1467,4.309,4.4817,1.8169,1.5489,2.7124,2.7756,3.6901,0.913,2.549,6.5835,4.1082,3.995,3.9661,1.1586,4.1554,2.7149,6.1451,3.5498,6.0473,5.0233,4.6308,5.0498,5.0903,1.2247,5.1474,3.599,4.5627,5.7333,5.8607,4.1509,4.4937,3.7598,2.8756,5.7816,3.6331,5.5045,5.8356,2.85,4.56,1.5932,5.1137,5.5336,2.9933,5.428,3.4689,3.4927,4.3163,3.0061,5.4541,5.2586,3.8804,3.9413,3.1279,7.4387,3.7272,6.4011,4.2816,4.9876,7.0429,8.3965,4.6165,3.2963,2.7996,4.1446,5.5114,4.1962,5.017,4.8051,4.8329,6.346,6.9816,4.4386,2.8927,12.6621,5.9598,5.3252,3.0748,3.0652,2.5958,0.9924,2.0381,4.5877,2.6932,5.7398,0.5941,3.5514,1.7796,2.0859,4.9762,1.4661,2.5428,3.5352,2.6668,3.7189,4.2672,5.3869,4.0892,2.7464,5.7877,3.7417,0.5795,0.7903,2.204,4.567,4.1594,6.6463,4.707,2.7673,1.1466,1.4297,4.9288,5.0605,3.3117,4.5127,2.8424,5.591,2.4239,4.5208,2.6416,1.7785,4.3209,2.6679,7.5053,3.1558,6.0132,5.888,2.6221,2.9095,5.0913,4.6661,1.6175,3.6333,6.1149,6.0032,4.123,3.5056,5.1431,1.8526,5.1106,4.5746,5.5852,6.18,7.5385,3.7704,2.7714,4.3125,6.0806,3.9069,4.3701,5.931,5.1182,6.0508,4.6746,3.9776,4.0721,3.2477,4.6962,5.8804,5.5311,5.9144,3.2264,1.8931,2.4458,2.606,4.5831,5.9337,5.5592,5.0806,4.4791,6.6181,4.3696,5.2558,3.88,4.7838,6.9938,3.1155,5.3793,4.2008,4.4323,6.8663,3.8145,5.1675,7.9919,3.1684,6.0092,4.9043,4.9743,3.9967,3.5953,5.5722,3.4568
"D3","169",0.4159,3.0472,4.6881,1.4228,1.0247,0.1774,2.0159,-0.3286,1.8387,1.76,2.0017,4.2836,3.856,0.0955,1.0354,1.2718,1.4975,2.3316,0.2196,2.8376,0.5907,2.2999,1.1334,0.8168,0.3299,1.701,2.4335,2.1087,2.3351,0.0961,1.8751,1.4345,1.1691,-0.0123,3.2051,3.5561,1.7141,0.6576,4.6537,3.523,0.3214,2.8886,-0.033,0.8796,3.5703,1.7474,0.8643,0.2987,4.7604,0.926,1.0276,3.2486,3.6515,2.812,2.4923,2.3232,0.9219,0.5824,5.9028,2.9429,1.4268,2.3746,4.5469,2.2684,2.8276,3.4849,0.628,1.6152,3.4316,4.926,3.4877,0.6544,3.2875,4.6119,1.5776,1.7279,0.8027,0.7391,1.1113,2.1091,5.8566,1.5419,1.0221,1.8667,3.7609,1.6312,2.7375,3.734,1.5024,3.6098,2.0873,0.8635,2.7598,1.3246,0.433,2.2963,2.1151,1.3583,3.9113,3.8572,4.1717,2.2309,2.6946,6.7896,4.2714,2.3709,3.0459,1.5025,4.831,2.4994,5.1058,1.7245,2.3344,6.5491,2.9196,4.0679,4.583,0.6238,3.3214,3.604,6.293,2.5196,6.0022,5.3566,6.0759,5.2235,5.2383,1.255,4.994,3.7373,4.8536,6.3836,5.373,4.5277,4.2823,5.5064,3.0013,5.827,2.3042,5.6853,6.0677,2.2142,4.5476,1.7578,5.305,6.2273,4.2586,6.3575,2.9804,4.3402,6.6245,2.7222,5.0975,4.7354,3.6938,3.7748,4.04,8.2163,3.5035,6.846,4.031,6.5412,5.8267,8.0713,5.0331,4.1285,3.624,4.2032,5.4475,4.1565,5.1357,4.2616,4.4526,5.8914,6.3345,4.6589,7.2716,11.6217,6.2645,5.9261,3.3466,3.8314,3.5029,1.1135,3.1866,4.9731,3.9922,5.445,2.5517,2.6078,3.298,2.3187,4.8852,1.5582,2.5484,3.9088,3.5069,4.5772,5.0285,5.2578,5.0429,3.0818,6.7679,4.5388,1.4519,1.7872,3.4287,5.3898,3.2535,4.4944,5.2435,3.7111,3.3019,0.6679,4.1806,4.1764,5.6851,4.0679,2.6742,6.9151,1.9507,4.6205,3.8977,2.053,4.7773,2.4612,6.8783,3.1597,8.8218,7.1594,3.4601,3.8191,3.2557,4.9117,3.9927,3.4795,6.2964,5.2719,4.0443,4.002,6.4658,1.5129,4.113,3.8822,5.7704,5.2506,6.983,5.2036,2.9506,3.6025,5.4932,4.1202,4.8033,5.7171,3.5982,7.1823,5.7512,1.4876,2.745,3.2082,5.5426,5.1504,6.1611,7.7037,3.7116,4.3349,3.9945,9.9453,4.4689,6.0538,5.531,4.8266,5.4352,6.3384,4.1445,4.8844,4.4599,6.2973,6.2911,4.0411,4.7555,5.2963,5.0968,6.2786,6.2011,6.4313,7.7035,4.7591,6.0086,5.8925,4.9854,4.5219,4.1402,6.603,3.7819
"D3","208",3.01,3.5732,3.9148,1.5118,1.9536,0.579,1.4551,0.5932,1.9127,1.5133,1.5637,4.0484,2.484,0.761,5.6085,1.1771,1.7533,2.8955,0.9888,2.562,0.8151,1.2084,2.6925,1.1604,0.0428,1.3534,1.7855,3.3159,2.6723,0.9032,2.4169,3.7581,1.3102,1.0939,2.7666,4.3351,2.4927,0.9231,5.9553,2.6818,0.6542,2.5767,0.3565,0.8767,3.8889,3.3679,0.998,0.4693,4.8874,2.0557,2.2603,2.1909,3.9093,3.1681,2.9976,2.2164,1.8407,2.6283,6.0165,3.0192,1.0341,3.3527,4.3291,3.0191,3.2108,3.456,-0.4515,1.7163,3.4921,5.0837,3.5082,1.3196,3.4998,6.4207,1.9224,2.2872,1.1741,3.1836,1.8315,1.8059,6.1996,1.5208,2.1389,2.0567,4.9157,1.0246,2.7709,4.0278,3.0444,3.5077,1.6749,0.7269,2.59,1.7197,1.0297,1.8232,1.5433,3.6666,4.0999,4.3852,5.2272,1.779,0.0478,5.7306,4.7497,4.0964,3.2216,2.0928,2.7676,2.9902,5.6237,1.8938,2.128,6.3276,3.9346,4.0817,4.1067,1.1848,3.947,3.7528,6.1239,2.9677,6.29,4.9993,6.3136,6.0144,5.8361,0.9539,5.928,3.8684,5.777,6.9339,5.3843,5.7403,4.6931,5.8509,3.4821,5.5362,3.6548,5.3919,6.8643,3.3313,5.7076,1.5891,5.3997,6.5587,3.1135,5.7762,4.0701,3.8176,6.6854,3.4421,5.8567,5.7653,4.4362,4.3358,3.6369,7.5754,3.4085,6.6205,5.0573,5.787,7.3392,9.5726,5.3224,4.0293,2.4569,4.4519,5.1527,4.2462,5.3207,5.0475,5.8637,6.2264,7.2605,5.0069,5.6546,11.0412,6.5106,6.0617,5.1139,2.5565,2.9371,1.3216,1.9662,5.1528,4.2123,6.6899,2.2951,3.3676,3.5934,2.5345,4.4155,2.2922,1.8934,3.5391,3.2866,4.1308,6.0706,5.6922,4.7789,3.4254,6.1616,4.0313,1.3788,1.3029,3.6795,5.635,4.6781,5.7114,4.6897,3.1069,3.4136,1.283,3.9305,5.3451,5.4376,4.3841,2.9702,6.4815,2.8007,5.0605,4.143,2.7925,4.8505,2.3635,8.2669,3.3532,5.1759,7.6009,2.9897,4.9191,3.8289,4.6931,3.6528,3.4872,5.7948,6.7033,3.2978,4.1569,6.6019,2.1291,5.0814,4.7974,5.7696,4.3492,6.6674,5.8971,3.2819,4.9764,6.649,4.2235,4.9912,6.8078,5.2318,5.6464,5.5769,5.9202,5.066,3.6738,4.5561,4.4789,6.2036,7.1179,3.9649,4.0979,4.3269,2.8723,4.7693,6.5556,5.3407,5.3064,4.9243,7.3538,4.5258,5.8235,3.9754,5.6431,6.9334,3.7084,6.8979,5.1984,4.1679,7.9927,6.1253,6.1008,8.1325,4.1327,6.4847,6.1042,5.0845,4.607,4.3067,6.3615,3.725
"D3","218",2.0305,5.3889,4.2307,1.2281,1.3881,1.3051,2.4524,1.1165,0.9937,1.826,2.8419,4.1889,4.364,0.7658,1.8428,1.2711,2.1239,3.0675,0.7914,2.7445,1.2523,3.3358,3.0494,1.6869,0.3658,2.3715,2.621,2.101,3.3216,1.58,2.1524,4.6845,1.517,1.1609,3.5167,4.6105,0.9543,1.0869,5.562,3.4879,0.85,1.7224,0.3556,0.932,3.2443,3.7867,1.7894,1.1919,4.8785,2.2275,1.5617,3.2801,4.8267,4.1471,3.977,4.709,1.7233,3.4818,6.517,3.5097,0.9302,2.5255,4.8727,3.032,3.7624,3.913,0.5862,2.8014,4.6382,5.5435,3.4699,2.178,4.4122,8.7442,3.7578,3.2561,2.0896,2.9111,3.4101,2.0682,5.1155,2.1977,3.3375,1.7336,5.3758,1.7463,4.3965,4.3471,3.7083,5.0399,1.9489,1.0426,3.5658,2.0049,1.6501,2.6264,1.772,1.8639,4.2705,4.9093,5.0215,1.4477,3.7801,6.9555,3.5421,5.8053,3.6995,1.6648,4.0581,3.7979,4.9261,2.1429,3.3166,6.5802,4.7615,4.6966,4.1363,1.357,5.1414,4.7919,6.0764,3.3718,6.5655,5.4248,6.2014,5.3201,7.393,0.9259,5.8794,4.3947,6.1165,6.9553,5.5145,6.3358,5.47,6.6028,3.1877,6.3599,4.8353,7.0561,5.1855,3.7762,7.1265,2.7165,5.1243,7.3765,3.0132,5.813,2.8853,5.5164,7.0846,3.8788,5.6985,7.4909,5.0373,4.8202,2.9431,8.1888,4.3475,6.7484,6.1627,6.9713,5.9094,8.4158,5.6806,4.9579,3.6368,5.0733,6.1861,3.483,6.1323,4.609,6.7718,6.7734,6.8354,4.5152,7.6336,11.2584,7.2774,5.0701,7.1335,3.0037,4.2952,2.1079,2.7644,7.224,4.6759,4.4722,2.913,2.907,4.1248,3.2296,6.5719,5.1273,2.9945,4.2911,4.1628,4.3649,6.0986,6.5697,4.9032,3.5793,9.0815,3.0861,1.7938,5.5888,3.9888,5.825,6.502,4.6415,4.7493,4.0061,4.23,2.6192,4.6288,5.0827,5.9872,4.4596,3.9759,6.628,2.876,5.1345,4.8507,2.1609,5.4269,2.9423,6.9566,4.1273,5.88,8.3772,3.8744,4.9046,4.4391,5.7498,4.5707,5.0368,8.1599,7.9902,4.4508,4.333,7.0219,1.7861,6.3748,6.7198,7.142,3.8396,4.8987,6.096,3.2876,3.3664,4.8954,4.6321,4.626,8.2055,4.3398,6.2236,6.5141,2.7297,6.3244,3.5086,5.5961,5.7003,6.3998,7.088,5.7729,4.9995,5.2814,3.8922,5.4998,7.9355,6.7339,7.1864,6.1599,8.6954,4.348,5.3496,5.7511,6.3499,6.0623,4.3493,5.0942,6.5991,3.4346,9.8398,6.6223,6.8287,9.3541,5.773,7.9996,7.6424,5.1976,5.1877,6.1332,6.3284,3.5386
"D3","223",0.5025,3.2562,6.649,1.6869,1.691,1.5598,3.7537,0.5713,2.5522,1.1468,2.1327,7.0394,3.1008,0.9136,0.8587,1.1617,3.7994,4.933,0.2899,1.9712,0.6241,3.013,2.1328,1.9767,0.6464,1.2593,4.0583,2.6584,5.2332,1.2316,4.5386,1.1652,1.3939,1.0782,5.1711,6.3071,0.3374,2.2964,2.5716,6.4612,1.0191,4.4413,-0.1613,2.4931,1.5925,2.4851,2.8263,0.9863,7.363,2.1958,2.7501,5.2629,2.7668,1.9254,3.2944,0.9346,2.3443,2.4465,7.8082,4.6268,1.527,3.4764,6.3804,5.3611,6.7995,5.5343,0.2046,2.6386,5.4467,7.1914,3.6193,1.0448,2.2249,4.0079,1.753,2.2427,1.1197,2.2288,2.0273,1.4428,5.2343,1.3913,2.5774,1.3973,4.0264,1.0249,2.6064,5.9716,2.6123,6.939,1.0732,0.5871,4.6786,3.9802,0.7007,2.2839,2.3949,3.9851,6.1219,6.2345,5.7147,1.6675,0.6515,8.2572,4.5336,0.8536,5.0744,1.0898,2.9525,2.845,3.173,0.7325,2.0287,7.4204,2.8073,3.4516,5.2817,1.7543,3.7724,3.3724,6.9377,4.3599,7.0291,4.8749,8.4103,7.5203,5.078,0.6703,7.0676,4.8319,3.681,7.872,5.6986,8.0916,5.108,8.104,4.2818,6.2219,2.9779,5.7421,4.6996,2.558,4.9863,1.8912,4.9903,5.964,3.8142,8.1593,5.4124,5.9339,8.2652,6.0565,5.968,5.2628,4.6476,5.9849,3.3282,7.8576,2.9819,6.0039,5.2613,5.0323,7.1785,7.2325,4.9412,3.501,3.1099,3.5391,5.0863,4.3957,4.3978,4.5341,5.7232,6.4837,7.1348,4.3569,4.2161,11.3369,5.8681,5.2363,3.1321,3.2766,3.6356,1.0909,2.513,4.96,6.9369,4.932,4.6195,5.9961,5.8353,2.4982,3.5952,2.1325,4.6441,3.8193,5.0843,4.5111,5.1001,5.1943,4.4585,3.0684,5.7483,5.6048,1.0903,1.408,3.3226,5.825,4.3613,3.8586,4.8723,2.8303,6.1623,1.546,4.253,6.0767,7.9664,4.6411,3.3106,8.3562,3.1136,5.3807,6.9091,4.3809,4.351,2.9725,6.6375,5.5654,3.6673,9.6264,2.7936,3.8791,4.257,4.9589,6.7846,3.4691,6.7635,6.0183,3.4032,3.5673,5.1894,1.6901,4.5711,4.5203,5.8119,5.6539,8.2675,8.6635,3.7869,5.0424,5.9231,4.3494,4.5377,4.2808,4.9513,6.1364,6.332,3.1851,4.7105,4.2361,4.5962,5.0557,5.7326,5.3003,2.724,6.9939,7.4999,4.9973,4.261,5.9836,6.0956,4.6735,4.1958,6.5759,4.6916,4.0938,4.0559,5.677,6.4667,5.0506,5.9524,5.8385,4.7999,7.4524,7.9844,5.5478,8.7863,3.6234,6.9153,4.8689,5.5709,4.2034,3.3617,9.1219,3.4768
"D3","242",0.5508,3.6032,4.4127,1.2965,1.0906,0.5565,2.2502,0.1005,1.4655,1.0626,1.3573,1.1502,2.0684,0.4729,0.5513,1.1205,-0.8497,0.4831,0.2141,3.0189,0.4542,2.3135,0.7332,1.3254,0.1539,1.3303,0.2395,2.7281,0.6955,1.195,0.783,0.5767,0.8023,-0.0582,0.2019,0.9644,1.5981,0.0411,3.0212,0.0573,0.2493,-0.2551,-0.0268,0.6057,3.4085,2.0137,-0.07,0.1236,4.2409,0.6931,0.125,1.5721,3.4412,3.145,2.2982,1.0564,0.8969,1.6091,1.8564,0.4085,2.0815,2.4209,1.2528,0.2398,0.8499,0.6528,0.521,1.3075,0.93,1.4951,3.5643,0.7358,2.3212,3.846,1.8933,2.2848,0.7691,2.3347,1.2644,1.8371,5.5467,1.4391,1.3838,1.255,4.9671,1.8754,2.373,0.4812,3.1583,0.7261,1.6041,1.165,-0.0987,0.062,0.5896,2.4607,2.1154,2.1284,1.8983,1.956,4.3572,1.4673,-0.1233,1.1446,4.7252,1.0663,1.0353,1.4801,3.265,2.022,4.5559,1.3227,2.1365,6.002,2.3356,3.6998,3.8583,-0.0699,2.358,3.4865,7.1753,2.9107,4.7997,4.9239,3.3801,2.4495,4.7195,1.0147,4.6397,3.0775,3.8821,5.0128,4.6251,2.6825,4.0996,2.4679,2.8143,4.9628,2.3551,5.6613,4.8815,1.8917,4.7375,1.3454,4.9811,5.4252,3.0797,2.4918,2.4716,3.5857,1.3859,0.8502,5.2667,5.0402,3.8393,2.3587,3.4757,6.0627,3.3178,6.4718,4.2694,5.2527,6.0371,7.5902,4.369,3.5506,3.2732,3.914,5.5527,3.9407,4.415,5.3474,6.0144,6.1895,8.2603,4.553,4.4644,9.0136,5.61,5.5301,2.9154,2.7929,3.1725,0.8778,2.3428,4.6593,1.3842,5.7652,0.0868,1.611,0.878,2.7547,4.1126,1.6491,3.903,4.3163,2.6389,4.5347,4.5251,4.8412,4.5912,2.969,5.6668,1.0203,1.1984,1.737,3.6965,5.4779,4.2622,5.0325,5.2146,3.1719,0.1655,1.1883,3.0765,4.2594,1.9883,4.1787,2.9183,6.9653,2.2116,4.7288,1.4595,1.2841,4.1184,1.9481,6.4381,1.7412,5.3097,5.4358,3.036,4.1007,2.3508,4.7155,0.5091,3.3407,5.5265,6.5502,3.6925,4.0576,5.8533,1.3489,4.445,4.7023,5.9699,3.2414,4.5387,2.4991,2.8794,4.2972,5.5014,4.3169,4.7534,5.8716,4.3939,6.2078,5.3128,4.6071,3.841,3.3899,4.9128,5.2076,5.3784,6.1654,3.3355,0.5739,0.996,1.8837,4.6927,6.0624,6.2835,4.8236,4.4254,6.5767,3.3969,3.8155,4.2538,5.3069,6.8882,3.4487,-0.895,6.5351,4.6081,7.4966,1.1872,5.1791,8.342,3.194,6.0268,4.898,5.4123,4.1703,4.556,3.2713,4.0159
"D3","249",0.3999,2.9926,3.2222,1.7935,1.9867,0.4199,1.6753,0.6603,2.4594,1.2217,1.5229,2.9932,2.7829,0.4783,1.1268,1.2246,0.838,1.7646,0.6274,2.8113,0.7815,0.9609,0.9297,1.3274,0.8418,1.7251,1.4852,2.7906,2.2868,0.9101,1.3847,1.1706,0.8328,0.9133,2.0906,2.9989,0.5489,0.6402,3.6686,2.1303,0.7812,1.4427,0.0574,0.9571,3.8607,2.945,0.8227,0.488,4.0932,0.6518,0.7274,2.2643,2.9402,4.5812,2.7142,4.1576,1.496,1.6416,4.9864,2.3833,1.9903,2.8046,3.1604,2.6577,2.4522,2.4501,0.5824,1.2104,2.5973,3.9087,4.002,0.7894,2.4139,4.8624,1.9635,2.7737,1.6227,1.7382,2.2945,1.8215,5.0469,1.282,1.8568,2.3617,3.4105,1.8777,2.9906,2.5404,3.037,2.9828,2.1553,2.1758,1.8493,0.7177,0.7581,1.9783,2.3294,1.7784,1.6448,3.0286,4.1765,2.71,3.4908,5.8946,4.3302,1.9565,2.8716,2.1122,2.5098,2.4247,2.7637,0.9775,2.8758,6.427,3.3595,4.1396,4.5843,0.4544,3.3399,3.4665,7.3458,2.4019,4.4688,5.1117,4.5236,3.3766,5.1192,1.2854,3.9852,3.0101,4.4771,5.576,5.6988,3.5019,5.048,4.7767,3.8053,5.6732,3.4055,4.5169,5.6178,2.5644,4.6939,1.9911,5.0712,5.4353,3.4573,4.28,2.2891,1.022,5.2637,1.6208,5.3106,5.2279,4.7522,3.2762,3.6332,6.5518,3.8803,6.1117,4.8934,5.5498,4.9102,6.5897,4.7968,3.5377,2.8861,4.8072,6.0289,4.3921,5.5721,5.7996,4.795,6.0838,6.427,4.4703,4.0543,8.9072,5.9652,7.2436,4.3204,2.8097,3.4743,1.2501,2.1269,4.5186,3.0642,4.771,1.5583,2.1403,2.4744,2.3961,4.6761,2.9807,2.1921,3.6375,3.0158,4.0624,5.0563,4.8031,3.8611,3.0166,5.2508,2.4984,1.0441,1.5201,3.6069,5.4245,4.6013,3.9599,4.889,3.2149,1.6002,1.7792,3.2481,4.1217,5.1463,5.1528,3.3157,5.1323,4.3062,5.1093,2.9387,1.2669,4.2039,2.0088,8.1248,2.2816,5.221,6.4008,3.7235,3.2441,3.24,5.9662,2.9535,3.8262,5.8045,4.8173,3.0176,3.8832,5.5802,2.3594,4.5814,5.0262,5.6412,3.3948,4.7082,4.0873,2.8157,3.2818,4.3229,4.2876,4.656,5.4282,3.1751,5.4696,5.0168,4.9151,5.0247,4.2636,4.7727,5.3735,5.4147,6.433,3.9884,2.7955,3.7649,1.9638,4.3229,5.587,5.6288,5.1262,4.8448,7.2437,4.2434,6.0229,4.5445,6.5693,5.8406,3.2785,6.9706,5.9416,5.1172,6.7176,5.1997,5.3458,7.735,3.5836,6.1242,5.9954,6.4905,4.4776,4.1235,5.1401,3.6571
"D3","253",0.9233,3.8358,5.0876,1.3165,1.6503,0.9008,6.7837,0.5281,2.2607,1.62,2.3999,2.8443,1.9971,0.3862,0.7804,2.0152,3.1738,1.6041,0.599,2.8174,1.1488,0.6703,2.4466,2.4412,0.6695,1.0997,1.2916,3.1089,2.5606,4.676,1.6634,4.5233,1.3433,0.5162,0.9764,4.9475,1.3925,0.6351,5.1699,0.7972,0.394,1.511,0.3101,0.7925,3.5918,2.8192,0.394,0.5848,4.6494,1.9832,1.6448,2.1242,4.5388,2.9701,3.1337,2.1972,1.0142,2.8234,4.0644,1.4284,0.9072,3.2931,3.108,2.1454,1.5426,1.8926,0.7908,1.935,1.6108,3.4538,3.9908,2.5644,2.9722,4.2029,3.1977,2.7282,1.2563,1.9902,1.4346,1.9373,5.4051,1.8943,3.5594,2.5811,4.242,1.7503,4.7515,2.1016,3.5563,4.5248,1.6741,0.8207,1.1929,0.5109,1.2148,3.4336,2.6389,1.9877,4.4218,3.6524,5.12,1.6505,0.4594,3.9791,4.7656,2.2172,2.3445,1.992,3.9327,2.7908,4.5682,1.962,3.0331,6.1998,4.7235,4.4999,4.5891,1.3833,3.5102,4.5465,6.9059,2.7123,5.6277,5.2976,4.6987,3.835,5.6391,1.3541,6.1569,3.7203,5.499,6.4484,5.5871,4.798,4.9381,4.5251,3.3292,6.005,4.0223,4.9505,5.5807,2.9878,5.3802,1.823,6.0066,6.1721,3.4649,5.1521,2.788,3.1514,4.3111,3.1656,5.6749,5.7342,4.8304,2.6308,3.972,8.9117,3.418,7.7302,5.3223,5.9758,7.6122,9.5043,5.3713,4.1059,4.5018,4.7628,5.3612,4.2462,5.165,4.932,5.0975,6.652,9.7704,5.2029,5.5936,12.6874,6.0153,6.6318,3.7578,3.7329,3.7027,1.1887,2.6637,4.6685,2.5541,6.8762,0.6912,4.2266,1.9256,3.3805,3.6099,1.6601,6.5668,4.7458,3.1467,4.6936,5.0804,4.9948,5.8275,3.4751,5.5608,2.7128,1.216,2.4947,3.4583,5.7702,5.5378,5.9927,5.1871,3.0784,1.715,0.8248,4.3212,5.2374,4.643,4.5872,3.1886,10.3646,3.2451,5.1749,2.1542,2.6297,4.6711,2.5837,6.8495,4.0934,3.925,6.9315,2.7165,4.4567,3.3427,4.3503,1.8664,3.6868,6.7862,6.7852,3.9125,4.323,6.0938,1.9775,4.6558,4.6247,6.1408,5.7786,7.444,3.8682,2.4198,4.2157,5.2801,4.4328,4.9263,7.882,6.1356,6.6578,5.279,4.8146,4.8151,3.7212,5.6075,4.8765,6.4724,6.2524,3.9598,3.3431,2.5098,2.2729,5.1125,6.5369,5.663,5.0225,5.0929,7.2943,4.1524,5.6729,4.0161,7.647,7.0508,4.0747,0.1881,6.1723,3.9554,12.2073,3.7897,6.1836,8.1415,3.9695,6.5131,5.9268,4.5524,4.3479,5.0326,4.5955,3.8367
"D3","255",0.788,4.0245,0.9591,1.948,2.4232,0.1877,1.5297,1.2397,2.4082,1.9993,1.8518,3.236,3.2664,0.6965,2.2745,1.2631,0.995,1.8152,0.7079,3.3657,1.5452,0.4809,2.0423,0.6992,2.2921,2.2017,2.0297,2.0123,2.8468,0.8782,1.6632,2.2899,2.0867,0.6189,2.2203,3.5474,1.4026,0.5798,2.5405,3.257,1.3405,2.1455,2.2856,1.0511,2.8129,2.9446,0.8944,0.9685,3.3044,0.5702,0.5825,1.2427,3.5617,4.5283,2.5189,3.7976,0.8668,2.3106,5.4664,3.2551,1.673,4.6964,3.439,2.1261,2.8707,3.4543,0.7883,1.3394,3.1817,4.5412,4.1106,2.8776,3.2355,1.5205,2.7558,3.3322,1.7129,1.5795,2.864,2.7414,5.2027,2.7062,1.8503,2.7604,4.2509,2.7799,4.045,3.088,2.86,3.8797,1.1347,2.4656,2.4368,1.3603,1.5638,2.8154,4.2383,1.783,2.9532,2.834,3.618,1.6126,3.1548,6.2099,5.1498,1.5821,3.3736,1.5839,1.9368,2.8805,3.9081,0.3469,3.5227,4.5611,4.9089,3.9319,4.7674,1.5601,4.1436,3.6684,7.4943,2.6006,5.902,5.0907,5.2306,4.2235,5.559,1.3287,4.1326,3.5927,4.5649,5.3635,6.5028,3.9397,5.4813,5.0951,2.7719,6.3414,3.2334,5.2543,6.0293,2.5329,5.3335,3.1079,5.5667,4.9352,2.9923,4.8521,2.5379,4.4237,5.6514,2.5591,4.4491,6.7439,5.9507,3.2757,3.9141,7.3197,4.6539,6.0455,6.0078,5.6106,6.0844,9.4713,5.0189,4.2071,3.5576,3.7557,6.4405,3.5943,5.8336,4.1923,5.5891,7.3723,6.9127,4.5779,5.4722,10.7448,6.9648,5.8518,4.9298,3.6747,4.9099,1.8802,2.0856,6.4381,3.6782,4.4721,1.7404,1.9821,2.865,3.8261,6.8832,5.241,5.462,3.4653,4.1208,4.0618,5.2004,5.2484,4.6435,4.3484,4.1369,3.3936,1.4024,0.4277,3.7445,5.3879,5.5309,4.2025,4.4729,3.3576,2.0728,2.5633,5.0271,4.2642,5.487,4.787,4.4909,5.0195,3.0457,6.0525,3.2475,1.1031,4.4834,3.122,6.0667,3.3243,7.5502,7.3765,4.3979,3.3815,2.5753,5.6556,3.7099,5.0417,6.8701,5.3332,4.6609,4.0918,7.1964,2.064,5.8161,6.7031,6.6776,4.2964,6.2515,4.6063,2.8142,2.8833,6.2177,5.4526,4.972,5.4355,3.2858,5.2556,5.4626,3.772,5.886,4.6718,4.8129,5.285,6.0061,8.567,4.8707,3.5471,4.3509,3.1412,5.0153,6.7908,5.7648,6.5037,5.7908,8.4357,4.9079,5.2046,5.7107,6.1172,5.421,3.7067,5.4892,6.5888,5.8155,6.622,5.4994,5.963,7.8301,5.2077,7.4675,5.6723,6.0561,5.0262,6.9108,5.6861,4.2658
"D3","261",1.3831,4.3335,2.1794,1.2699,1.2209,1.0993,1.4955,0.3234,1.5808,2.0245,2.45,1.1883,2.9076,0.6508,1.1607,1.8864,0.1166,0.6835,0.6903,2.8529,1.1003,3.3665,1.6909,1.6018,0.5118,1.8673,0.6789,2.7853,1.3226,0.7553,1.2422,3.3898,1.1526,0.4054,0.9406,1.0723,0.9732,0.6161,8.4012,0.7677,0.1999,0.5576,1.2308,0.7701,3.2664,4.0624,0.4571,0.8732,3.5594,1.4039,1.1608,1.8928,4.8846,3.1557,3.4865,2.5325,1.289,3.5966,3.1047,1.2062,1.5781,3.7097,1.5088,1.3374,1.1481,0.233,0.1928,1.8924,1.2303,2.0164,3.9594,1.9768,4.3319,10.2363,3.5215,2.4132,0.8917,4.2088,1.5513,1.9058,6.6239,3.3755,2.6737,2.3907,7.6049,0.9276,5.4583,1.234,3.0544,1.0002,1.3926,0.1694,0.1766,0.8868,1.3331,3.199,1.7204,2.8382,1.3871,2.6715,5.7778,1.6016,4.3825,2.3948,3.4,3.1802,1.5966,1.8793,4.0066,4.3091,7.1401,2.0122,2.7097,6.6836,3.4088,3.6929,3.7473,0.684,5.0899,5.0298,5.7854,1.4635,5.3629,5.2144,3.1502,4.247,6.0001,0.5014,4.5074,3.4705,5.2959,4.9049,5.8343,2.6212,4.4455,2.74,2.8512,5.4158,2.9476,6.7989,5.4545,2.7762,5.5224,2.1635,5.0775,4.5835,3.9598,4.019,1.9541,3.6567,2.6712,1.169,5.3945,6.3581,4.0599,3.4406,2.8519,7.6404,3.1013,7.5844,5.0149,6.353,6.8955,11.9588,4.5551,4.2618,3.8384,3.7123,4.5649,4.0232,5.1613,4.8572,3.475,6.0335,6.5179,4.4138,8.8162,9.8093,6.4574,4.8018,5.9128,2.9854,2.9217,1.3017,2.891,5.3546,1.7687,5.2698,0.356,3.8073,1.5973,3.9672,4.8396,3.5598,4.2481,4.3503,3.0307,4.1389,6.1706,5.6777,5.6722,3.5037,8.2491,2.5108,1.3513,5.0914,3.6963,5.4103,6.3189,7.3796,4.6815,3.2729,0.9069,0.8879,3.8971,4.2007,2.2828,4.0024,3.2625,5.3037,3.084,4.2471,2.0654,1.9803,5.1892,2.482,5.6857,2.0527,5.5076,6.5566,3.3312,4.5427,2.6734,5.1299,1.1736,4.1018,6.863,6.4848,4.2085,4.2719,7.6318,1.5253,5.6,5.3174,6.1963,4.6723,6.5806,2.8515,2.6362,3.8628,3.7036,4.1639,5.2172,5.2432,3.5663,7.0973,5.6186,2.9596,5.4,2.5436,5.2379,4.4238,7.0192,8.3845,4.5788,1.1963,2.4612,2.5885,4.0845,7.2172,5.0264,5.5043,5.6445,8.0462,4.2725,6.0395,4.5998,5.1175,7.6943,4.8517,-0.0085,5.7107,3.0555,5.8734,2.066,7.3553,8.1658,4.5055,6.8798,4.8073,5.7431,4.9721,5.2503,3.8003,3.5189
"D3","283",1.1222,3.8706,3.8848,1.5252,1.7897,0.5118,2.1197,0.5037,2.1744,1.9054,1.7033,1.8158,2.3106,1.1474,1.3101,1.5939,0.2021,0.7565,0.2594,2.963,1.3394,0.4713,1.7284,2.2458,0.5401,1.7621,1.0475,3.0293,1.7589,1.7538,0.7289,1.7428,1.3276,0.4389,0.6414,2.0864,0.7457,0.5463,3.6033,1.1698,0.8706,0.7017,0.9058,0.2693,3.9205,3.0216,0.6257,0.3906,4.1469,1.4876,1.2525,1.9217,3.7864,3.4491,2.6058,1.8594,1.2718,2.2575,2.7848,0.7645,1.226,1.8312,0.7977,1.3737,1.2578,0.243,0.342,1.6366,1.4343,1.026,3.9835,1.3444,3.8656,6.0583,1.9687,2.468,0.5744,1.8907,1.4435,2.1677,5.7386,1.5623,1.9975,2.4859,4.8939,1.13,2.9575,2.1736,2.7572,1.6034,1.5222,1.7147,0.0154,0.3536,1.2169,2.5924,1.6534,2.3812,2.0189,2.7677,4.9031,2.391,-1.0677,2.1696,4.568,3.1716,1.8332,1.7302,3.9385,2.9365,4.298,2.2918,2.7505,7.081,2.8925,4.5697,4.0203,0.8001,4.6269,3.1403,6.4989,3.3487,5.8989,5.5248,3.9996,5.0502,5.4549,1.5736,4.7697,4.0914,4.9459,5.8811,5.7785,3.4163,4.8156,3.1323,3.0956,5.4868,3.5646,5.3723,6.0223,2.9809,5.9537,2.0685,5.2456,6.8243,4.8658,5.1299,2.8602,4.3147,2.4089,1.7136,5.2949,5.6518,4.2446,2.9868,3.7906,9.315,4.0215,7.1933,4.9162,6.0361,6.7357,8.1007,4.9367,4.1178,4.1027,4.6096,6.6682,4.6726,5.2838,5.1216,5.3969,7.5941,7.4383,1.7579,4.876,12.8908,6.5785,5.3888,2.2616,2.9306,2.853,1.2016,2.8024,5.5476,1.5615,5.5363,0.3691,4.0003,1.3349,2.9264,4.8472,1.7307,3.7047,4.4281,3.3595,4.5981,5.4018,4.7881,4.719,3.5232,5.4872,3.0748,1.5817,1.2846,3.3934,6.1032,5.2795,6.8932,5.0707,3.4815,2.4157,1.2681,4.6343,4.3428,2.3038,4.4944,3.1433,7.3965,2.588,4.8956,1.7915,1.7821,5.788,2.5735,8.1288,2.3208,5.4484,5.8359,3.9107,3.9882,3.1381,5.4828,0.7214,3.4171,5.8315,6.9111,4.0819,4.6429,6.7858,1.9455,4.9449,4.8888,6.145,4.8251,7.3871,2.8311,3.3533,3.6796,4.6554,4.4881,5.1471,6.4044,4.1573,6.7145,5.4289,3.8021,4.8002,4.6194,4.9439,5.6318,6.0433,6.5431,4.1725,1.3499,1.4875,2.8736,4.6131,6.4517,5.4406,5.1665,5.3955,7.2868,4.5705,5.1461,4.4945,3.6415,6.9693,3.9441,5.6407,6.2718,4.3372,8.4647,2.9246,6.1715,8.5734,4.0128,6.5896,5.4381,5.9667,4.1648,4.9838,5.1042,4.1191
"D3","291",0.8895,4.5679,2.5853,1.5427,1.6176,1.2563,1.3569,0.5822,2.4492,1.9132,3.0749,3.1555,3.7013,0.7916,0.9898,1.778,0.0567,1.6056,1.3208,2.5231,1.3496,4.1344,1.7421,1.5512,1.0748,1.553,1.4251,3.2349,1.7473,1.1845,1.2726,3.7748,1.7174,0.4352,1.7842,2.5161,0.8916,0.6097,7.8373,0.9626,0.6549,1.7661,0.7322,0.2516,4.2069,3.0394,0.9541,1.3517,4.2159,2.2239,1.4602,2.2991,4.846,3.8576,4.1611,4.4441,2.1359,1.5916,4.1052,1.8353,1.5071,4.2224,3.048,2.0635,1.9093,1.5924,0.3177,2.5217,2.4184,3.4154,3.8796,2.6159,4.3796,11.013,3.3218,2.6086,2.3455,2.776,2.2448,3.0754,6.2008,1.5497,2.5448,1.9317,5.3879,0.883,4.9591,2.1658,2.4278,2.0964,2.1814,0.6448,1.3931,0.9145,1.2316,3.0971,2.8027,2.628,2.8306,3.8327,5.0472,2.0224,4.4464,4.1418,3.8626,4.452,2.3235,1.8862,4.958,4.0455,6.398,2.6475,3.1398,6.8036,2.8981,3.5993,3.7972,0.9991,4.7815,5.9332,6.25,3.3778,5.9251,5.7057,4.2895,3.5559,7.2178,1.0877,5.4039,4.268,5.8048,6.1523,6.2939,4.2011,5.483,4.4817,3.0894,7.0643,3.5719,7.0658,6.6303,3.0307,7.4025,3.8192,5.2606,6.0312,4.9505,4.5319,2.279,5.2501,4.8544,1.9487,5.6115,7.3531,5.5472,2.9754,3.2912,8.59,4.3254,7.9185,6.5741,6.2656,8.0476,12.263,4.8145,4.483,4.7027,5.6539,4.6725,4.6985,6.277,5.3559,5.4407,6.2103,6.0179,5.0894,7.8514,11.0154,7.4826,6.4047,6.1641,2.5735,4.0003,1.7084,3.9313,5.9821,2.4373,5.7607,1.1549,3.2937,2.4304,6.6969,5.7576,3.5557,5.2446,4.7432,3.7611,5.2693,6.3757,6.2488,5.7844,4.0198,8.2898,1.7471,2.2528,3.5683,3.9118,6.6869,7.4578,8.485,4.2299,3.3284,1.3094,1.4599,3.9693,4.3526,3.8064,4.0313,4.0738,4.0239,3.2952,4.3592,2.6994,1.9082,5.789,2.9656,5.7314,1.6982,3.8462,7.2619,3.4569,5.3345,3.2048,5.3899,2.5416,5.436,6.2961,6.76,4.1594,4.2345,8.3037,1.3943,6.5237,6.2278,7.3225,4.0535,5.1236,3.7476,3.0841,3.5223,3.7192,4.2222,5.39,5.627,3.6854,7.0351,6.0539,2.2751,4.7605,3.964,5.4641,5.5587,5.8155,8.1636,5.3717,2.3145,3.2317,3.1557,5.0763,7.4,4.7637,5.2942,5.4522,8.5999,4.5684,5.6475,4.6962,5.0806,7.8084,4.7528,6.2075,6.186,2.3165,7.0124,3.9112,7.7486,8.999,4.8769,7.622,5.328,4.4804,5.5272,5.2139,3.8875,3.1909
"D3","306",-0.0616,3.2741,2.2676,1.3964,1.5502,0.8203,1.3106,0.9133,2.032,2.0245,1.6207,0.4971,1.961,1.1212,1.6325,1.8876,-1.4013,1.6057,0.5304,3.7846,1.3637,0.3959,1.766,0.9989,0.0194,1.88,0.9142,2.3979,1.8576,0.4091,2.0798,4.8137,1.2807,0.3893,0.4958,0.4672,0.9086,-0.0388,2.4828,0.2333,0.393,-0.2909,0.8114,1.1398,2.0798,3.3401,0.8357,0.6257,4.077,0.6107,-0.146,1.9682,3.746,3.5031,2.6192,1.7496,0.8436,1.3662,2.7697,0.6331,1.5783,3.1791,1.0612,1.5431,2.384,-0.129,1.1787,0.9516,0.6,0.9767,3.0933,1.7422,2.7534,1.96,3.0617,2.6533,1.3621,4.976,2.461,1.2418,5.2392,1.8123,2.8957,2.395,4.2811,1.8753,2.7863,1.4591,3.6627,-0.0208,1.6679,1.2974,-0.3494,1.8717,1.1389,3.5196,2.3015,3.8044,0.5988,2.7165,4.4009,2.02,3.5436,1.2082,3.709,1.9497,1.6499,1.7079,2.6357,3.6633,5.4485,1.9447,3.5255,6.1057,2.9527,4.6902,4.2032,0.2984,4.8583,3.3175,6.5864,2.4517,4.7233,5.2569,3.1582,2.5059,5.2766,1.2317,4.6006,2.9662,5.0458,4.3336,5.3668,2.8532,5.0636,2.8365,2.5804,5.8146,3.3956,4.8178,5.0354,3.1107,6.4476,2.4702,5.2527,5.4785,4.3597,1.7058,3.4635,3.8175,1.796,3.5211,5.6659,5.9481,4.7653,5.0869,3.8701,6.9198,2.9036,5.2733,5.2806,6.4815,6.6495,8.0829,4.9707,3.8508,3.0354,3.2058,5.4806,3.5338,6.6287,5.0011,5.4228,7,5.3827,5.468,5.9022,9.5396,6.499,7.2343,4.3694,3.2964,4.2467,1.4177,2.5005,5.4877,2.7891,7.4421,0.1805,0.9208,1.2874,3.9388,5.5224,4.4426,5.1675,4.6954,3.2756,4.7625,4.22,6.1764,4.8245,3.7963,5.2439,1.1676,0.9043,1.1819,3.9514,5.8806,5.1726,4.866,4.8555,4.1733,0.2693,3.0029,4.7692,5.398,1.7527,4.5612,4.1277,5.7114,3.4508,5.5017,3.1208,4.496,3.8551,2.6797,7.7521,3.0509,6.3214,6.2546,4.9969,3.9248,2.5061,5.4628,0.8128,5.4044,7.8988,6.7856,3.5287,4.546,6.2599,1.9008,6.3059,6.3183,6.2723,3.8879,4.4706,3.5435,4.3475,5.203,5.9874,5.3675,4.2573,6.3811,4.9848,5.5656,4.9944,5.4972,5.6883,4.1044,5.194,4.5611,6.3919,5.9604,5.0782,1.1774,2.7174,1.9888,5.5119,7.0127,5.6331,6.3623,5.9384,7.4792,4.4268,5.0707,6.2423,6.8059,5.5152,3.6156,7.3137,6.6748,4.5239,7.0171,1.3675,5.8438,8.3532,4.9928,6.8066,6.5212,5.6444,4.845,6.4296,2.9127,4.4761
"D3","341",1.0508,3.8711,3.0423,1.5597,1.8616,2.0777,2.0183,0.5767,2.2737,1.4368,2.923,2.9644,2.8571,0.9305,1.1975,1.1539,1.2622,2.3482,0.7601,2.7755,0.5857,3.8433,2.2337,1.4348,0.7211,1.5064,1.9712,2.1729,2.8174,0.8958,2.1467,1.1389,1.3413,1.1245,2.6348,3.6497,1.0107,0.6168,5.0683,2.4861,0.2767,1.9589,0.2569,0.5835,3.5158,4.5133,0.8864,0.6083,3.758,2.1478,1.0412,2.5569,3.8805,3.3732,3.1783,3.6623,1.2059,0.3522,5.4029,2.3463,1.4103,2.715,3.6644,2.3169,2.8648,2.8532,0.4895,1.7749,3.2597,4.1097,3.7769,1.2559,2.6137,6.6743,2.4742,2.5346,1.3592,4.0418,2.2604,1.6426,5.4597,1.456,3.4062,1.8536,4.8895,1.2512,3.5767,3.3927,2.3746,3.3757,1.8321,1.0963,2.1455,1.755,1.5174,2.6422,2.5641,3.693,2.9727,4.023,5.8879,1.2977,0.1585,6.0847,4.2349,2.5539,3.0616,1.3649,3.4795,2.9822,5.1152,1.2285,2.9697,6.7985,2.9338,3.2236,4.0598,0.8199,5.0643,4.6339,6.5258,2.7536,5.4996,5.0495,5.4724,4.929,5.5288,0.7487,5.1657,3.7948,5.746,6.099,4.9291,4.7215,4.6046,5.448,3.0355,5.9376,3.7993,6.1539,6.5091,3.2238,5.6816,2.5404,5.4223,5.0129,3.3937,5.4607,2.5927,4.1402,5.8009,3.2672,4.674,5.3184,4.7075,4.4574,3.6995,8.0642,3.8584,6.6149,5.485,6.2152,6.6339,8.46,4.1014,4.1657,3.0113,5.7693,5.6638,5.6334,5.3183,5.6605,5.9709,6.1668,6.2658,4.5411,5.7915,12.1425,6.6656,4.9392,5.5561,2.3909,3.3936,1.3123,2.2027,5.7359,3.8964,4.9391,2.0476,4.9924,3.2479,3.1331,7.7243,3.3095,3.7856,4.1585,3.6349,4.0795,5.7882,5.2111,4.8733,3.5015,7.144,3.3553,1.7308,2.8028,3.3637,5.4643,4.3281,6.3341,4.4187,3.6743,3.471,1.4894,4.3485,4.5448,5.1428,4.6425,3.253,5.626,2.4483,4.6094,4.143,2.4663,5.2622,2.6248,6.7742,3.1693,7.4141,7.1455,4.074,4.3082,3.126,5.1682,3.4836,4.4657,6.7746,5.8174,4.0697,3.9481,6.6651,1.6026,6.0422,5.1907,6.6078,5.6489,6.788,4.9902,3.0977,3.4443,5.361,4.6281,5.3201,6.0419,4.0131,5.8618,5.3538,4.1069,5.2895,4.3662,4.8103,5.7002,5.521,6.9162,4.4783,3.8491,4.445,3.1265,4.5179,7.0287,6.3484,5.3838,5.8638,7.7413,4.3349,4.9613,4.9807,6.7932,6.8434,4.1114,7.1299,5.8578,4.4762,7.81,5.6905,7.2483,8.6089,4.1021,6.9663,5.7582,5.8972,4.6968,5.2075,5.452,3.6462
"D3","349",0.4484,4.3417,4.1117,1.3011,1.4288,0.7544,1.8766,0.5485,1.8548,2.68,2.6945,4.4926,5.4961,1.1933,1.5544,1.288,2.5669,3.3999,0.7314,2.7123,0.516,2.5226,1.4263,1.2239,2.8535,1.4874,2.5481,3.1486,3.4938,0.7154,2.9743,1.0966,1.2141,0.2524,3.6125,4.8484,0.344,1.4178,4.6107,3.7352,0.4131,2.9698,0.2248,0.9378,3.1732,2.8091,1.139,0.6362,4.4813,1.4145,2.0029,3.0598,4.2826,3.8361,3.0745,3.2112,1.1836,0.8148,6.4332,3.3758,1.649,5.3774,5.0705,3.4542,3.8769,4.0323,1.8749,1.5364,4.4183,5.8303,3.6556,1.0701,3.6303,6.5564,3.0454,2.7007,1.0789,2.0941,2.6317,1.185,4.9145,1.3978,3.5342,1.0735,6.1786,1.3548,3.3963,5.0753,2.6955,5.2702,1.6633,0.505,3.9035,2.2801,1.3027,1.8823,2.3879,1.9034,4.5246,4.97,6.7052,1.9534,0.7416,6.7769,3.8013,1.92,3.9774,2.1418,3.2104,3.1367,4.6171,1.6862,2.744,5.932,2.7776,4.0255,4.4018,1.4111,3.8141,5.4618,6.5293,2.6549,6.6439,5.1288,6.8111,6.088,5.6263,0.6097,6.0589,4.1097,6.1395,7.2813,5.3601,6.7348,5.0781,6.6865,3.5531,6.1397,2.5859,6.5156,5.8674,2.4798,6.1049,2.0768,5.6894,5.579,3.1351,6.7272,4.0304,4.2938,7.6372,3.8293,5.1788,5.8625,4.5847,4.5435,4.0642,8.3708,4.1195,6.9482,5.8248,6.0227,7.2347,9.132,5.1027,4.129,2.936,4.8131,5.0131,4.994,5.8657,4.6632,5.6148,7.2468,7.0313,5.0107,9.3026,13.1374,7.0895,6.2948,4.8608,2.4108,3.7135,1.4656,2.9899,5.5497,5.1162,5.011,3.2818,4.279,4.6321,2.8268,6.0661,3.6647,6.2697,4.504,3.6046,4.4421,4.7541,5.441,5.98,3.5298,6.6329,4.889,1.2955,3.0022,3.6482,5.4217,4.7248,4.6294,4.5982,4.4051,4.3484,1.2739,3.7815,4.8954,6.0334,3.9909,3.1902,7.5078,2.5283,4.6482,5.1303,3.3818,5.1974,2.6935,5.5294,3.8398,6.0483,8.1503,3.2762,5.2688,2.5668,5.2071,4.9019,3.8969,6.8765,6.9773,3.76,4.2756,6.8365,1.3152,5.4416,5.0962,6.6194,5.3961,7.3439,6.8827,2.6142,3.9425,6.185,4.1878,5.7312,5.6278,4.6329,6.7245,6.4687,2.9332,4.4155,3.907,4.9315,4.5546,6.0189,6.6663,3.7272,5.3262,5.471,3.2628,4.5283,6.9665,6.6027,5.1227,5.737,8.3624,4.7681,5.6285,4.6091,5.6149,7.2473,4.7495,4.6234,6.3661,3.0407,7.1287,6.1378,7.0798,8.1235,4.883,6.9864,6.5119,5.0367,5.2346,5.3497,6.7841,3.3383
"D3","354",0.4331,4.5342,3.4368,1.4431,1.7679,2.3352,1.032,0.3796,2.0011,2.0112,3.0356,2.3387,3.6762,0.6921,1.1315,1.0456,-0.0399,1.7529,1.1572,3.1299,1.262,5.6985,1.8104,1.8936,0.6936,2.45,1.513,3.0703,2.1798,1.1277,2.0896,4.6619,1.2852,0.4854,1.0455,0.9401,1.2976,0.6158,6.502,0.8651,0.494,1.4135,0.0724,0.4843,2.6586,4.6632,0.2387,1.1931,4.4754,1.953,0.6546,2.9111,4.3274,4.0429,3.3948,2.297,1.8864,2.5926,3.8617,0.7495,0.9945,3.4822,1.2967,1.8969,2.1541,0.5335,1.2172,1.8471,2.016,1.669,3.9866,1.7675,3.6174,5.5009,3.0506,2.631,1.8996,4.4779,2.3554,2.4491,6.6761,1.6531,3.6446,1.7895,7.0153,1.7485,4.2845,1.8984,2.5975,1.2161,1.7123,0.6908,0.7694,1.4162,1.4444,4.0992,2.1057,4.336,1.9117,3.6006,6.6607,2.2421,4.8018,2.7773,4.3419,2.2291,1.7833,1.8122,2.5959,4.9122,4.4329,1.6172,2.618,6.8714,2.9688,4.2658,3.8754,0.4836,5.5857,5.7999,7.2889,3.3237,6.8662,5.8092,3.6571,4.3742,6.1615,0.5814,5.3761,4.0293,5.2186,5.5201,6.3147,3.4544,5.0213,3.9024,3.0716,6.3384,2.817,8.8666,6.3838,3.5814,5.8811,3.4164,4.3521,6.2443,3.2583,5.4697,3.1824,2.8875,2.9463,2.7963,5.4432,5.4639,5.5837,4.4871,3.0827,9.4351,2.7837,7.1829,5.2947,7.4335,7.3566,11.2428,5.2107,4.9668,3.2601,4.4356,5.105,4.5854,4.889,5.5488,5.1273,6.9428,5.7557,4.844,6.3037,12.9562,7.2562,5.2954,5.9076,2.5678,4.3621,1.6622,2.9463,5.1861,2.6551,7.0926,0.6455,5.5324,1.6947,3.4451,5.8245,4.5603,3.1023,4.8394,3.6311,4.8858,5.0807,6.2861,6.3109,3.6757,8.4367,2.4196,2.193,4.1735,4.0835,5.7494,5.936,6.8448,4.8757,3.6817,1.0065,1.9971,5.3374,5.3169,2.6262,4.3175,3.4536,6.3289,2.9646,4.9929,2.6379,2.3546,5.425,2.8605,5.6113,2.3227,6.0107,6.4287,4.2237,4.3739,4.8768,5.2338,1.3835,4.4634,6.5059,6.8771,4.774,3.5702,7.6252,1.5794,5.9113,5.3466,6.7917,5.7466,7.4245,3.6235,3.6101,5.0931,5.0349,4.3342,3.2735,6.1885,4.9752,6.134,6.0322,1.6753,5.9337,2.7085,5.6326,5.4157,7.5612,9.2698,5.2289,1.0745,2.5619,4.9975,5.1434,7.2592,4.6123,5.8416,5.9757,8.4015,4.6443,6.3491,5.5536,5.8738,6.5655,4.7711,4.8897,6.4732,4.1402,7.0305,2.7523,6.5415,8.6314,4.9333,7.2547,6.5224,5.0901,5.7408,5.7605,5.1181,3.6556
"D3","357",1.3978,4.5751,3.9329,0.9202,1.4438,0.9977,1.9528,1.022,1.5137,1.4553,3.0501,1.8957,4.3694,0.736,1.6643,1.6226,0.2602,1.6687,0.0515,2.7908,1.6192,3.6581,1.9565,2.119,-0.396,1.7681,0.8157,3.1374,1.2753,2.1067,1.2796,1.7036,1.4664,0.7457,1.096,2.3459,0.819,0.4267,5.3054,1.0475,0.7246,0.4207,0.2531,0.4589,4.3114,3.4191,0.5705,1.3959,3.5503,2.0121,0.6586,2.4941,4.3908,4.002,3.6802,5.8488,1.8581,2.3,3.4791,1.6687,0.0845,2.6982,1.933,1.6001,1.6365,1.1672,0.4687,1.8391,1.7142,3.2565,3.7388,1.8462,3.5905,4.4827,1.7859,3.1522,2.0595,2.2471,2.1062,1.9567,6.6901,2.1231,1.6355,2.187,4.6874,1.189,3.3696,1.7886,2.8863,2.285,2.1653,0.4612,0.6142,0.5077,1.2169,4.176,2.4271,2.0333,1.9581,3.0861,5.5784,1.1461,4.1375,3.3759,4.3064,3.3362,2.1712,1.8306,3.4397,3.5902,4.2516,0.7535,3.3294,5.3515,4.1745,4.3969,4.4861,0.7116,4.483,5.9293,7.0381,3.1339,5.4705,5.3252,4.1208,2.9554,6.4203,1.0608,4.8376,3.6353,5.1026,5.66,5.8943,4.0998,5.3756,3.5086,3.0544,5.9615,4.3454,6.8271,6.8757,3.6862,5.3338,3.2757,4.9281,6.2098,3.094,3.2525,1.5282,4.2881,4.1345,2.0433,5.4435,7.6283,5.441,3.5151,3.3397,7.2244,4.723,6.9982,5.6697,6.3892,6.3672,7.8545,5.6869,5.165,3.511,3.4314,5.5978,4.0217,6.6088,4.674,5.131,7.074,7.7894,4.3421,6.0216,9.0665,7.2686,6.4031,4.6483,2.4936,4.7319,1.8015,2.4645,5.2963,2.0236,4.8582,0.5931,2.8986,1.6876,3.1051,5.1189,5.1936,3.1994,4.5713,3.7576,4.6245,5.5166,6.2592,5.2688,3.498,8.0051,1.2332,1.5088,3.4756,3.9602,5.8062,6.399,5.8548,4.966,3.4976,0.8696,2.4522,4.7229,4.5126,3.2932,4.179,4.1362,6.5555,2.9294,5.2853,1.5378,2.29,4.7825,2.8333,6.0233,2.2181,5.4578,7.1332,3.9509,4.2941,2.0107,5.564,1.4898,4.607,7.3296,6.0039,4.2014,4.1852,6.4571,1.995,6.9913,6.5194,6.9775,1.9525,3.7766,3.8291,1.6818,3.3307,4.264,4.7073,5.2087,5.9562,4.6909,5.6214,5.2567,4.5762,6.1147,3.1537,4.6154,5.2524,6.8289,5.9392,5.4442,2.629,2.3655,2.8823,5.22,7.2174,5.6014,6.3959,6.2276,8.0186,4.1252,5.1957,5.9086,7.432,6.5079,3.9116,6.1338,6.3636,3.9945,7.8229,3.1064,6.9025,8.9634,6.0883,7.5163,5.6124,6.3143,5.1915,7.2462,3.9899,3.561
"D3","364",1.5028,4.211,3.9539,1.4564,1.4467,0.6787,1.8466,0.4395,1.6298,2.198,2.7421,4.9318,3.6126,0.7536,0.8098,1.308,1.9276,3.8077,1.533,2.6387,0.6671,4.3687,1.7066,1.8495,0.7317,1.4885,2.6661,2.4987,3.7122,0.7987,3.2434,1.8409,1.2861,0.7122,3.8373,4.409,0.6466,1.0416,7.2735,3.6012,0.462,3.1525,-0.4642,0.7275,3.0441,2.5793,1.6053,1.0686,5.0713,1.6738,2.1542,3.5518,4.1339,3.2904,3.3872,4.9747,1.6244,1.2447,6.4104,3.8539,1.074,3.8424,4.668,3.3707,4.0468,3.8798,-0.2792,2.0829,4.3701,5.5816,3.3772,1.0707,3.9656,7.4444,1.7096,2.2797,1.1279,1.8631,1.7787,0.6979,5.9411,1.7309,2.4586,0.7483,3.8694,1.1328,3.9993,4.0526,2.4325,4.8481,1.6257,0.7509,3.627,2.1951,1.2071,2.2222,2.1173,2.6333,4.7208,4.5405,4.4757,1.7853,0.1604,7.3359,3.635,4.7406,3.7711,1.0441,4.1169,2.7988,5.0783,2.2389,2.4152,6.8209,3.2049,3.9405,3.5587,1.1479,3.527,4.7517,6.0222,2.8289,6.8418,5.0053,6.6558,5.3894,6.1499,0.6336,5.3153,3.8818,6.4615,6.9058,4.8506,6.1273,4.6024,6.4376,3.2206,5.5966,3.6328,7.5389,5.0365,2.3268,6.1593,1.8516,4.6456,7.0551,3.4717,6.6663,3.7793,3.1424,7.0457,3.7504,5.3319,4.7911,4.1233,4.4604,2.4146,7.603,3.6336,6.1267,5.4633,6.7497,7.8336,7.5605,4.1006,4.5184,2.9311,4.3126,4.9156,4.1592,5.4313,5.3003,5.5812,6.3297,4.3925,4.5531,7.9936,10.813,6.5495,6.0437,5.8248,2.0403,3.4108,1.2175,2.9283,5.0378,4.7723,5.2922,2.8455,3.9204,4.0144,3.0808,4.4925,2.9982,3.9648,3.7523,3.4153,4.6119,6.3788,5.4149,4.8882,3.51,8.0231,4.0595,1.3051,3.1257,3.4666,6.1813,4.5612,5.9657,3.8031,2.703,3.8005,1.1285,3.9423,4.7938,6.3113,3.6605,2.7772,6.817,1.8691,4.4295,4.7633,2.4653,5.1674,2.5471,5.7851,3.7966,4.9667,7.8127,2.6885,3.7012,3.1633,4.7369,4.257,3.355,6.0668,6.363,3.566,3.2424,6.5309,1.0861,4.9453,4.92,5.1728,4.6431,6.1798,6.1791,2.3306,4.0125,4.9164,3.8587,5.2314,5.027,6.6017,6.3319,5.2903,2.4459,4.0047,3.0025,4.4877,4.6728,6.0952,6.5025,3.8023,4.5944,4.8944,4.218,4.5288,6.818,5.7416,5.0707,6.2578,7.6681,3.829,4.9396,4.1398,5.5645,6.9141,3.6014,4.91,5.7961,3.0714,6.703,6.4372,6.8529,7.9052,3.9853,6.6204,6.2907,5.2532,4.3354,4.9595,6.5601,3.2983
"D3","369",1.5292,3.7017,4.2788,1.3215,2.3256,0.221,1.2894,0.6529,1.8102,1.1508,2.1409,3.2036,2.447,0.7331,1.161,1.1205,1.1213,1.8762,0.7013,2.9384,1.1514,4.8728,1.6637,1.4627,0.898,2.0182,1.5821,2.0763,2.2359,1.1634,2.0244,1.6959,0.9466,-0.11,1.8721,2.8658,0.9325,0.6069,5.7808,2.089,0.4118,1.8999,0.4499,0.6605,3.7431,2.8686,0.5381,0.5638,4.4723,1.6238,0.5777,3.0155,3.006,3.3955,3.1277,2.0488,1.4357,2.3577,5.0258,1.8846,1.3025,3.6162,3.3038,2.6566,2.439,2.4393,0.1224,1.4665,2.5306,4.3437,2.9447,1.2643,3.1547,5.1209,2.4704,2.4954,1.3577,1.5977,2.2956,1.4173,5.1655,1.4672,1.688,1.5496,4.5484,1.7285,3.4826,2.6352,3.9011,2.9508,1.7232,0.7345,1.6435,1.2401,0.9661,2.4815,1.9103,1.9702,2.3178,3.4234,4.8384,1.6752,-0.389,5.3089,4.5415,2.5595,2.2312,1.1488,3.3745,2.5498,5.3442,1.2706,2.6109,6.569,3.4678,3.9558,3.9082,0.8628,2.5955,3.5093,6.8787,3.0953,5.6793,5.2777,5.5665,4.7372,5.6325,1.0742,4.6497,3.3723,4.9666,6.2475,4.879,4.4306,4.6907,4.9161,3.0375,5.4627,3.7868,6.1289,4.5365,2.6633,5.2182,0.604,4.8257,5.958,3.4507,4.93,3.0667,4.0706,5.2121,2.2094,5.3327,4.9681,4.0989,3.2756,3.5468,7.4893,3.8753,6.9215,4.4615,6.4075,6.0281,6.8256,4.9414,3.6904,3.3757,4.2137,5.9594,4.404,4.3155,4.9595,4.5668,6.0764,6.8709,4.6866,4.3802,9.9847,6.0486,5.3582,4.0938,3.3501,3.7078,1.0257,2.5248,3.9183,3.0309,5.1429,1.4108,2.6371,2.7938,2.8156,4.3716,2.5917,4.5976,4.4298,3.1286,4.4153,4.842,4.6236,3.9548,3.044,7.4377,3.4343,1.353,1.6019,3.6889,5.4363,3.8434,5.3139,5.0172,3.1164,2.0032,1.263,3.5905,4.5915,5.1223,4.6209,3.0573,6.1629,2.6248,5.0096,2.9592,2.1149,4.7504,2.1867,6.5955,3.0572,6.6787,6.5221,3.8476,3.8603,4.068,5.2595,2.8492,4.2548,6.3441,5.4675,4.1576,3.538,5.5446,2.3376,4.3819,4.7934,5.802,4.7838,6.1731,4.3577,3.2819,3.7614,4.9502,4.3163,5.1228,6.0503,4.2311,6.1412,5.1949,2.9924,4.8186,3.2214,5.3259,6.2485,5.8518,6.2831,3.2023,3.2771,3.4285,2.9673,4.2071,6.1726,5.4412,5.5458,4.892,7.0675,4.3637,6.0343,4.6663,3.9958,6.6698,3.7188,4.909,5.3986,4.7045,6.6748,5.5416,6.2199,8.25,3.8203,6.4333,5.1033,5.5983,4.4052,3.651,5.5335,3.8376
"D3","379",0.9354,4.2007,3.9133,1.8123,1.8443,0.9338,1.971,0.6271,2.9059,0.8963,2.3746,3.0078,3.9094,0.8792,1.5477,1.496,1.0295,2.4479,1.1831,2.7463,0.7409,4.0083,2.7063,1.4792,0.4657,1.264,1.5781,2.4952,2.5296,0.8606,1.8848,3.0282,1.2395,0.7458,2.179,2.8653,-0.3009,0.6522,4.8261,1.7494,0.4696,1.7641,0.3014,0.7269,3.3175,3.0695,0.5744,0.3825,3.8142,2.0479,1.0211,2.4211,3.4347,3.2465,2.8624,2.9478,1.7343,2.1624,4.9629,2.2016,1.64,3.4099,3.3387,2.2309,2.5752,2.5546,1.3788,2.0895,2.9653,4.3486,3.7942,1.5707,2.8958,9.4623,1.9099,2.3706,1.2984,2.249,2.3421,1.8098,4.9022,1.2986,2.1789,1.1934,4.5192,1.663,2.161,3.0503,2.5646,3.3786,1.3338,0.4495,2.1044,1.2285,1.2481,3.4886,3.4654,2.6737,2.9321,3.7295,5.6548,1.4253,-0.3571,5.7951,4.6197,3.0387,2.8193,1.6157,3.2732,2.3091,2.5241,0.5621,2.3282,5.9601,3.5722,3.9469,4.2067,1.293,2.5616,4.5617,7.0021,2.75,6.721,5.2545,5.9866,3.0891,5.7111,0.9789,5.1453,3.5322,5.4763,6.734,5.5671,4.8662,4.8341,5.1723,3.1493,5.8998,3.5939,5.7595,5.7859,3.2622,4.8157,2.2362,6.137,6.9497,3.5627,5.306,3.1374,4.8759,5.6764,2.9821,5.4199,5.4405,4.348,3.617,3.2541,7.6707,4.2457,6.4305,5.5405,5.4091,6.868,7.6483,5.5045,4.4947,3.0998,4.362,6.1514,4.3505,5.3144,5.1864,6.3494,6.1304,8.3037,4.4232,5.523,10.7412,6.4713,5.1225,6.2733,2.1077,3.7805,0.9212,2.0848,5.1684,3.4443,5.8944,1.6394,4.2728,2.8443,2.9955,4.816,1.5835,3.6957,4.1689,3.2399,4.3339,5.7307,5.303,4.552,3.5661,7.8573,3.6265,1.7266,1.659,3.3467,5.2897,4.6954,6.7901,4.7924,3.5548,2.6521,1.1958,3.8967,4.8196,4.7592,4.6394,3.2592,7.0512,2.428,5.1485,3.385,2.5623,4.1048,2.3534,6.8635,2.722,4.4937,7.0243,2.3483,4.7425,2.2264,5.1262,3.0502,4.5478,5.779,5.5139,4.047,3.063,5.7901,1.4977,5.1293,4.8052,6.0613,4.8129,6.8779,4.7387,2.5764,4.2305,4.9979,4.771,4.8377,4.9071,4.0838,5.7218,4.7594,5.5373,4.2037,4.0644,4.7336,5.1708,6.1392,5.5209,3.43,2.9508,4.0001,3.2689,5.1094,6.774,5.6366,5.3017,5.6878,7.5615,4.4292,4.5168,4.4075,6.7596,7.0001,4.1266,7.3185,5.7338,3.4765,6.9961,5.2359,5.9768,8.6447,4.3706,6.7003,5.5976,5.3994,4.59,3.7824,5.4336,3.3861
