"OID20424","OID20429","OID20436","OID20437","OID20438","OID20442","OID20459","OID20460","OID20462","OID20464","OID20473","OID20475","OID20477","OID20480","OID20481","OID20482","OID20483","OID20485","OID20486","OID20487","OID20490","OID20495","OID20497","OID20500","OID20501","OID20504","OID20505","OID20506","OID20507","OID20508","OID20510","OID20511","OID20513","OID20514","OID20515","OID20519","OID20520","OID20521","OID20523","OID20524","OID20525","OID20526","OID20527","OID20528","OID20529","OID20530","OID20531","OID20532","OID20533","OID20534","OID20535","OID20536","OID20537","OID20538","OID20540","OID20541","OID20542","OID20543","OID20544","OID20545","OID20547","OID20548","OID20551","OID20552","OID20553","OID20554","OID20556","OID20557","OID20558","OID20559","OID20560","OID20561","OID20562","OID20563","OID20564","OID20565","OID20566","OID20567","OID20568","OID20569","OID20570","OID20571","OID20572","OID20573","OID20574","OID20575","OID20576","OID20577","OID20578","OID20579","OID20580","OID20581","OID20582","OID20583","OID20584","OID20585","OID20586","OID20587","OID20588","OID20589","OID20590","OID20591","OID20593","OID20594","OID20595","OID20596","OID20597","OID20598","OID20599","OID20600","OID20601","OID20602","OID20603","OID20604","OID20605","OID20606","OID20607","OID20608","OID20609","OID20610","OID20611","OID20612","OID20613","OID20614","OID20615","OID20616","OID20617","OID20619","OID20620","OID20621","OID20622","OID20623","OID20624","OID20625","OID20626","OID20627","OID20628","OID20629","OID20630","OID20631","OID20632","OID20633","OID20635","OID20636","OID20637","OID20638","OID20639","OID20640","OID20641","OID20642","OID20643","OID20644","OID20645","OID20646","OID20647","OID20648","OID20649","OID20650","OID20651","OID20652","OID20653","OID20654","OID20655","OID20656","OID20657","OID20658","OID20660","OID20661","OID20662","OID20663","OID20664","OID20665","OID20666","OID20668","OID20669","OID20670","OID20671","OID20672","OID20673","OID20674","OID20675","OID20676","OID20677","OID20678","OID20679","OID20680","OID20681","OID20682","OID20683","OID20684","OID20685","OID20686","OID20687","OID20688","OID20689","OID20690","OID20691","OID20692","OID20693","OID20694","OID20695","OID20696","OID20697","OID20698","OID20699","OID20700","OID20701","OID20702","OID20703","OID20704","OID20705","OID20706","OID20707","OID20708","OID20709","OID20710","OID20711","OID20712","OID20713","OID20714","OID20715","OID20716","OID20717","OID20718","OID20719","OID20720","OID20721","OID20722","OID20723","OID20724","OID20725","OID20726","OID20727","OID20728","OID20729","OID20730","OID20731","OID20732","OID20733","OID20734","OID20735","OID20736","OID20737","OID20738","OID20739","OID20740","OID20741","OID20742","OID20743","OID20744","OID20745","OID20746","OID20747","OID20748","OID20749","OID20750","OID20751","OID20752","OID20753","OID20754","OID20755","OID20756","OID20757","OID20758","OID20759","OID20760","OID20761","OID20762","OID20763","OID20764","OID20765","OID20766","OID20767","OID20768","OID20769","OID20770","OID20771","OID20772","OID20773","OID20774","OID20775","OID20776","OID20777","OID20778","OID20779","OID20780","OID20781","OID20782","OID20783","OID20784","OID20785","OID20786","OID20787","OID20788","OID20789"
0.2957,4.2652,5.2368,1.4126,1.532,1.7393,1.3818,1.1251,2.8974,1.3448,1.8674,2.99,1.0243,0.2253,1.8117,1.0925,-1.0656,1.2755,0.337,2.6643,1.5332,4.3934,1.2346,2.2178,0.7236,1.4535,1.517,2.0008,1.7206,1.9476,1.932,1.784,0.5205,0.5518,0.9385,0.5116,2.0222,0.647,5.3001,3.3025,-0.1123,0.4755,0.7697,0.4195,3.5423,2.8971,-0.1248,0.0173,4.9582,0.7755,1.7029,1.6313,3.3526,3.5916,3.1089,1.0534,1.1465,3.7221,3.3446,1.1117,1.2852,0.8195,1.1319,1.3091,1.7763,1.6967,0.0976,1.313,1.2831,1.5165,3.6337,0.081,2.0855,6.5915,2.0651,1.8294,0.7064,2.4679,1.658,2.9803,5.024,1.0893,2.339,1.5835,3.1471,0.3564,2.3153,1.4804,3.4455,1.8071,2.5681,1.4215,0.2221,0.3461,0.6343,2.6875,2.5103,2.3553,0.9812,4.2137,5.4351,2.3638,-0.3006,3.1054,4.2295,0.3509,1.8845,1.7447,3.9157,2.1607,6.4911,2.2427,2.5367,6.1236,2.7987,4.3745,4.6259,1.2183,4.6098,2.5712,6.5463,5.3175,6.3953,4.8035,4.5348,3.7575,4.6743,1.2405,5.4114,4.33,3.7934,4.9347,4.9874,3.0909,4.1677,3.3411,3.1275,5.4931,1.7404,4.8246,3.8273,2.3805,4.1689,0.2209,4.9412,6.5901,3.7912,2.7214,2.7959,2.9543,3.2011,2.0899,7.1719,4.0116,3.4338,3.0505,3.3999,8.988,2.7245,5.2951,3.4668,6.0344,6.7685,8.3214,4.1675,3.6153,2.6313,3.7893,6.1337,5.0352,4.4638,4.6844,5.6197,6.4282,7.6335,4.7902,4.5028,13.4501,5.9639,6.5038,1.0638,3.1238,3.1529,1.0487,3.1651,4.6312,2.7685,6.6184,0.2378,1.7599,2.3673,3.1051,4.2045,1.0986,4.156,4.2497,2.561,4.0945,4.4494,7.949,3.0995,2.9587,6.7931,0.7101,2.3292,2.2522,3.6595,5.2719,4.3181,4.9201,4.6432,4.0437,0.0813,0.3719,3.7904,5.3299,2.2182,5.4811,2.4653,6.8876,1.5101,5.3521,1.2956,0.9888,4.5124,1.7857,6.6581,2.0914,6.7737,4.9441,5.2887,5.0042,5.3861,4.8295,0.7878,3.7516,5.0913,5.9505,3.623,3.8425,6.9797,1.5577,4.8162,3.9817,5.7934,4.4667,6.1652,3.1425,3.1859,4.6766,4.6685,4.804,3.4225,5.3739,2.8414,6.1851,4.3768,2.056,3.1795,2.8651,5.0574,5.4534,6.6454,6.652,4.3291,1.4293,1.2016,2.3484,4.689,6.0827,6.0654,6.1687,6.4398,6.767,4.5415,5.6485,4.0107,5.3647,6.9782,3.0428,4.481,5.8203,3.3452,6.4957,2.3948,5.2474,7.7909,3.2344,5.7002,5.9165,5.9362,4.6223,4.4403,3.9786,4.4087
1.4697,3.7631,1.5506,1.2141,1.9414,0.3751,2.4691,1.5056,1.5391,1.0371,2.0415,3.5344,3.0136,-0.1738,1.9374,1.2761,-0.1166,3.0918,0.8282,2.3186,0.9732,0.537,2.4224,1.5338,1.3501,1.466,0.4419,2.2054,1.8614,1.601,0.9741,4.8396,1.9395,1.1601,2.0531,2.191,-0.0013,-0.0729,5.6243,0.2989,1.0217,1.7659,0.9453,1.331,3.9556,2.777,0.3217,0.6883,4.0052,1.7828,1.3637,0.6405,1.905,2.8565,2.0097,3.9062,1.3122,3.1987,4.669,2.1114,0.706,4.8534,2.0889,2.2713,4.3795,1.5359,-0.139,1.977,2.4246,4.1869,3.513,0.914,2.8274,5.3308,2.5535,2.6198,0.8022,2.2389,1.6798,2.4313,6.2013,2.509,2.426,1.254,3.2106,1.1896,2.5507,2.6531,2.8608,3.431,2.8586,-0.3544,0.7271,0.1048,0.6343,4.1463,3.1317,2.3301,1.4561,3.567,3.7687,2.9156,0.7473,5.0861,4.789,3.9708,2.2723,2.1191,2.3687,1.9517,6.3906,1.6168,1.8144,7.5488,3.8167,3.6296,4.6772,1.0037,4.1925,3.4166,6.6464,1.1815,6.3953,5.2792,4.4017,4.4913,5.218,0.6625,4.6278,4.181,6.1474,5.2195,4.9402,4.0558,5.1109,4.7309,3.512,5.7268,4.489,4.8246,6.2029,3.676,5.7056,3.5033,4.5424,8.0545,2.6094,4.0292,3.4327,5.0086,5.4046,3.1831,5.698,5.8049,4.5538,3.9599,2.7189,8.193,3.4594,6.1208,5.1394,6.5878,7.4836,8.4616,5.7115,4.1645,2.6313,3.6825,6.0972,4.0438,5.6891,5.1357,6.4722,6.6458,5.6555,5.4809,6.5764,9.5536,6.3146,6.8826,6.8912,2.2992,3.3041,1.3136,3.2368,5.6051,3.1159,6.3752,1.3239,1.9319,2.6795,2.6628,5.4322,3.5694,3.153,4.1071,3.5943,5.4126,5.7985,6.9344,6.1728,3.5897,6.8142,3.5797,1.097,1.7688,3.8854,5.919,4.931,4.9825,4.5791,3.8961,2.2596,1.6914,4.9894,5.9678,3.5791,4.0014,3.3899,4.316,2.5707,5.6397,1.8472,2.2349,4.2022,3.3577,5.4296,2.8695,7.5103,7.1179,4.3691,3.6769,2.8941,4.9272,2.9771,5.9383,7.6448,7.0904,4.0843,3.9295,6.4003,2.6126,6.0612,6.356,6.7097,3.0111,4.5781,4.0779,1.4947,3.9758,4.823,5.1949,3.7201,7.4936,5.2766,5.1654,6.2423,3.9925,4.1082,2.5383,5.271,5.8662,5.2566,7.077,4.947,1.9418,3.2483,2.3484,5.0874,7.1011,5.2855,5.4731,5.0948,7.6577,3.8274,6.7166,4.8932,4.9065,5.9501,3.498,-0.3324,6.6333,4.8182,8.0462,4.5465,5.2421,8.1748,3.8152,6.9657,6.9265,6.4799,4.4065,6.4707,3.4387,3.2615
0.1738,4.9892,2.6505,1.718,1.6113,0.2832,0.0236,0.7613,2.0954,1.4547,1.9585,1.2241,3.6731,-0.6234,1.2353,1.3393,-1.0656,1.4364,1.25,2.5737,1.1541,5.5464,1.5555,0.334,0.014,1.7399,0.2462,1.7907,1.3123,1.8245,0.7901,0.744,0.9247,0.6928,1.234,1.6234,0.6622,0.0636,1.1326,0.0477,-0.4852,0.8708,-0.4461,0.6863,2.9977,1.7531,0.2025,0.7112,4.2973,1.6302,1.3214,0.6746,3.106,3.2932,4.081,3.7335,0.6524,1.5628,3.4973,1.3926,2.3692,2.6522,1.6488,1.2369,3.5429,1.5359,0.0976,0.3885,0.8832,3.7383,3.5139,0.6991,2.6581,3.6775,1.3368,2.4577,0.5897,1.6736,1.6587,1.8033,4.9177,1.5012,1.2044,1.4388,4.2976,1.7926,2.635,2.0769,2.4454,0.3212,1.0319,1.118,0.5638,0.1686,1.0179,2.7671,3.2422,3.2793,2.6089,1.2546,6.8178,1.6022,4.4565,3.9699,4.9723,1.009,2.4478,1.1362,3.5341,2.1314,2.9801,1.6059,2.6473,8.239,2.7379,4.5518,3.4491,0.4496,3.7945,2.7591,6.4836,4.5976,5.2415,4.7665,3.9465,3.6729,4.8769,-0.3414,3.7934,3.0427,4.7185,4.4045,5.2993,2.9013,4.627,2.8964,4.2107,5.8379,2.1893,4.1878,5.5485,2.9935,5.1056,1.7825,6.6826,7.0268,3.4751,2.1585,1.9555,4.5014,5.4288,0.4751,4.8474,5.0225,4.9458,3.378,4.1848,6.6363,4.4514,6.2563,4.0959,4.9671,6.176,7.5084,5.1493,4.5714,2.9609,2.7046,5.9839,3.3638,4.5809,5.2805,8.87,7.2614,6.4453,4.3297,5.5211,11.4961,5.9639,6.4244,2.6393,2.4743,3.5858,1.1803,2.5009,5.2985,2.3762,4.2328,0.4192,2.5258,2.6795,3.6492,5.2926,3.7287,2.5588,4.9819,2.9239,4.9545,4.2873,6.4612,3.2648,3.0239,5.5234,1.809,0.9434,0.8412,3.5211,5.8387,3.6385,3.926,4.7281,3.0935,0.0762,1.1808,3.982,4.146,2.9359,4.5773,2.8694,5.0908,3.7834,5.5629,2.7817,1.1374,4.0485,2.3129,7.5592,1.3958,4.9919,6.4061,3.2491,3.2635,3.2938,5.5057,1.5821,3.7794,6.6884,5.3058,3.4664,3.7698,6.2648,2.2191,4.2915,5.5323,6.5487,3.2244,5.0833,2.5014,2.8862,3.0005,6.6865,4.8698,4.1005,5.8007,3.6379,5.5354,4.427,4.2505,3.8401,3.645,4.77,3.8297,4.8721,6.1307,3.5552,0.9751,2.9457,3.289,5.593,6.0214,4.0435,5.6593,5.4501,7.1977,3.5374,4.472,5.3089,3.1411,6.204,3.3272,8.6631,5.8363,5.3936,6.6442,3.8757,4.9352,8.2311,4.3372,6.2777,5.4017,5.3248,4.3615,4.6799,2.7592,3.6434
0.1738,3.4382,3.6867,1.6242,1.2602,0.4135,1.3818,-0.128,0.6546,2.2496,1.5646,4.8491,4.4615,-0.283,2.5713,1.8634,1.0224,3.5094,0.6435,3.581,0.5443,2.451,1.7757,0.7635,2.222,1.2371,2.6765,3.0434,4.0692,1.3834,3.1353,1.2565,2.1069,0.8043,3.2285,3.9447,0.2694,0.9321,5.3001,1.8361,-0.3056,3.2176,-0.2401,1.6278,2.3169,3.5298,2.6462,0.3401,4.8937,3.006,2.7004,2.3527,3.7121,3.0739,2.6439,0.6966,1.4493,3.2678,6.3241,3.5007,1.6276,1.882,5.7024,2.5382,3.5429,4.4143,3.167,1.1284,4.9823,4.8171,3.8847,1.9592,2.0855,8.6304,2.4907,2.3671,0.7869,2.901,1.9383,2.5301,6.3994,3.0012,3.0244,1.9644,5.271,1.4332,2.2378,4.996,2.4454,5.4839,2.6306,-0.0134,3.6642,1.487,0.8775,4.1573,1.4279,3.4045,3.0889,4.0774,5.6909,1.2733,3.3354,7.2183,3.7722,1.009,3.3798,2.609,1.8496,3.0654,5.2362,1.6842,1.6903,5.9657,2.6484,3.2172,4.5322,1.2843,4.6397,3.8349,6.9478,0.8614,4.8296,5.1895,7.2923,5.4738,7.3217,0.6625,5.6623,4.3898,5.9491,6.6888,5.332,6.5313,5.1842,7.5899,3.4672,5.0422,5.1056,4.4885,4.2172,2.611,5.0253,1.2059,1.91,5.9986,3.4617,7.5718,3.6687,3.1229,7.4096,2.9328,6.2602,6.8151,5.0948,5.2078,3.1582,8.7907,3.1147,6.6344,4.1808,6.785,7.0602,8.4675,5.681,3.6891,2.704,2.7296,5.4836,5.2379,6.6631,4.6831,5.7525,5.6041,5.9707,4.4527,5.0327,12.5596,7.2082,3.6218,4.356,1.8404,3.1724,1.8776,2.5095,5.7566,5.3698,4.9664,3.5243,4.5417,4.0799,2.4648,6.2671,3.5067,3.7029,3.3793,4.1614,3.6485,6.0313,5.5051,4.3323,3.7116,5.3285,4.3617,0.9655,0.6065,4.0488,5.5508,5.4262,5.6733,4.1319,3.6812,5.7983,2.046,4.9056,4.9326,6.4305,4.8666,3.5509,5.3131,3.8301,5.6162,4.9411,5.041,3.7239,3.4525,7.0948,3.5913,4.4344,8.4282,4.3691,3.4517,2.0459,4.6195,4.8005,5.5777,8.4539,6.3567,4.4263,4.3084,6.9896,3.0589,5.1456,5.9437,5.7432,4.5999,6.0978,5.9888,1.2504,3.8483,6.3244,5.3386,3.9898,5.1916,4.2071,6.0678,5.9897,5.104,5.296,4.3435,4.0789,5.8034,6.2924,6.6711,5.2935,5.6903,5.4401,2.3671,4.9319,6.8143,4.8378,6.2524,5.8219,7.7891,4.5532,7.1987,5.0528,7.1394,5.0681,3.5953,8.6545,5.7057,5.2282,8.4337,6.4531,6.6975,8.2453,4.5093,6.7046,6.2939,4.5953,4.4179,6.1475,7.3253,3.92
0.1846,2.2243,3.9054,1.5796,1.8524,1.2044,2.8006,-0.3377,1.7097,0.8234,2.4381,2.3563,4.0094,1.028,0.3876,0.8969,-0.3101,1.1648,0.6435,2.8729,-0.071,-0.2411,0.7726,1.4946,1.6764,0.6684,0.5422,1.6725,0.9712,0.4522,0.6099,1.2874,0.7089,0.1068,1.6469,0.8149,1.5758,0.1415,5.0916,1.7366,0.7676,1.1176,-0.0136,1.7242,2.4731,3.15,0.848,0.6574,4.2628,1.0536,1.5095,2.0831,3.2459,3.0789,3.1089,0.9452,2.1293,5.5476,4.2946,1.439,0.4578,2.2833,1.3714,1.6943,4.4206,0.9233,0.0156,0.7199,3.0766,3.4867,3.6413,1.2173,2.9613,1.3711,2.3236,1.6427,-0.0346,2.4978,1.5633,2.3838,3.544,1.5841,1.0591,1.3765,4.26,1.2747,2.9196,1.461,2.6569,2.051,1.0554,1.8845,0.8505,0.9471,0.9995,3.7687,2.3993,2.509,2.1937,1.9558,4.5151,1.333,-0.033,4.3618,4.202,1.4866,0.8765,1.4246,3.9534,1.6562,0.8573,0.386,2.6658,5.3097,2.5826,3.6586,3.939,0.8036,2.8954,1.8195,6.0174,1.1815,5.1734,4.7665,4.7305,4.4665,3.9806,0.9197,3.7934,3.3381,2.8362,5.0567,5.0163,2.6517,4.1474,3.4651,2.7288,3.8447,4.2374,6.836,4.4631,1.9901,3.3263,0.8702,5.8861,6.1563,3.7882,4.5381,3.1808,3.2748,5.3393,1.7703,5.2431,4.033,3.5808,3.3752,4.0456,7.4892,2.3715,6.1208,4.1616,6.0786,6.006,6.9067,4.3788,3.1032,3.7559,5.2675,4.6629,4.2128,5.0179,5.4482,5.4589,5.6041,5.4376,3.7989,4.1633,8.2111,5.4398,5.493,3.2247,2.9689,1.9068,0.5014,2.2702,3.9473,2.5292,6.0634,0.6717,3.7023,2.5731,1.9978,3.5289,0.854,5.6646,3.3706,2.4131,3.7532,4.5005,5.5786,4.3043,2.4735,4.7008,2.7485,1.3916,1.0885,2.8269,4.3551,3.3677,3.4115,4.7281,2.9267,1.834,-0.2415,4.4755,4.485,3.7017,4.8058,2.4654,5.6961,1.465,4.7845,3.0981,2.2536,3.3493,1.6098,6.2758,2.0914,3.9187,6.4378,3.4904,2.7445,5.3861,4.1492,2.1539,2.8926,4.1548,4.4853,3.6262,3.9012,5.3903,2.4618,3.5935,4.0618,6.0135,5.5285,5.9376,3.6136,2.8012,5.5807,4.4608,4.1408,4.8235,4.1707,5.1533,6.049,4.2565,5.1966,3.5691,4.5037,4.0242,4.9309,7.2452,5.9463,3.2103,0.3941,2.8121,2.2002,4.3375,5.1212,3.892,4.5043,4.7984,6.1697,4.3419,6.7807,3.9622,5.4239,5.1652,2.5941,-0.6682,5.8532,4.4786,4.892,4.1156,5.2421,8.721,3.5844,5.2389,4.5624,5.1313,4.2441,3.3683,4.0259,4.0499
0.9314,3.8559,2.9882,1.7329,2.01,1.3507,1.5837,0.3843,1.9582,2.2886,1.5788,0.977,0.6072,0.2506,1.7906,2.0477,0.6267,1.8768,0.9091,1.5254,-0.071,3.5454,2.0198,1.7906,-0.0966,2.1919,0.4507,2.5015,0.8981,1.9663,1.6246,1.0725,0.5205,0.3327,0.4494,0.3079,0.315,-0.28,4.1918,0.2721,0.0759,0.6376,-0.4123,0.2793,1.2788,2.0665,0.002,0.5832,5.383,0.4065,0.5212,1.1825,3.1742,2.1455,1.8173,1.9739,1.6818,2.2317,2.8319,0.6046,0.197,4.131,1.6107,1.7976,2.4795,0.2618,0.8359,1.7642,1.3074,2.3989,3.3836,0.4676,3.2335,4.5362,1.6278,1.7006,1.4504,2.3359,0.9439,1.7867,6.7891,1.1884,1.649,1.254,4.5815,0.3564,2.1714,2.3512,4.2636,0.4693,1.1298,1.7435,-0.4642,0.516,0.9039,3.6951,0.8766,3.7494,1.8436,3.748,4.8771,1.104,3.7531,2.3515,4.0417,0.542,1.3828,1.4176,3.0549,2.6191,3.5541,1.5892,2.2123,5.8034,2.9552,4.0785,3.2723,0.1607,5.1471,3.018,6.4984,2.56,6.6206,4.8899,3.2911,3.079,4.8766,1.0138,4.0714,3.3229,3.7517,5.2891,4.9141,3.4797,4.3634,3.2541,2.5074,3.8447,3.4718,7.7584,6.6725,1.9901,3.9132,2.387,4.814,3.7523,3.6796,1.7324,3.964,2.6094,2.4659,2.4699,6.5643,4.1392,3.7365,3.8128,2.7189,6.6798,2.3715,6.5154,3.4043,5.5944,7.1694,7.9645,3.761,3.613,3.3493,3.7553,6.4522,4.0612,5.6961,5.3679,6.3389,4.6683,5.1122,3.5662,5.1565,8.2378,7.1308,6.0476,1.6077,3.5232,1.3062,0.956,1.8073,5.1521,1.7083,7.2366,0.1863,3.6896,1.9921,2.5437,3.9396,2.1141,0.6941,4.2516,2.3941,3.6485,5.6495,6.545,3.6019,2.9394,6.967,-0.0168,1.0799,1.2311,3.5417,4.4522,5.2653,7.2771,4.5253,4.8822,0.0554,0.5682,3.3869,5.7031,1.5767,4.4884,2.9187,7.0731,1.5101,4.7348,1.0532,1.9392,4.4377,2.1303,6.7966,2.1651,6.0342,4.9312,4.0527,3.8341,2.1276,4.9002,0.745,3.5052,4.2902,5.8558,3.711,3.3183,5.8248,1.9336,3.7374,5.1361,6.2724,2.8608,3.9808,3.2993,4.5658,5.3198,2.6696,4.1156,5.4351,6.4372,7.878,5.143,5.3544,2.8772,4.6135,2.3647,4.9465,4.6347,5.5479,5.9123,4.0172,0.9754,1.1387,1.9892,4.1295,6.5787,4.3603,5.4805,5.2867,6.767,4.1042,4.2301,4.5637,7.932,6.3233,3.3636,-0.4729,5.2812,2.6208,7.6634,0.5665,6.23,8.3763,3.5844,5.8499,4.7839,5.0767,4.1278,4.632,3.3907,3.6392
2.0345,2.4432,5.8269,1.507,1.2303,1.7037,2.8417,-0.4035,2.5652,1.6521,1.9775,5.7404,4.016,0.7494,0.38,0.8454,3.2676,4.0229,0.5401,4.0821,0.7987,6.516,2.6602,0.8257,0.6181,0.7869,3.3734,1.6725,5.3702,1.9663,4.3122,1.4064,1.3567,0.1068,5.0241,5.5113,0.3283,1.6589,7.6934,5.5811,0.9241,3.8075,0.62,0.583,1.8239,3.2452,2.5442,0.9841,6.211,2.8574,3.5101,5.0234,3.8107,2.9694,3.3474,0.6966,1.9097,3.4428,7.0983,4.4944,0.197,3.4062,5.606,4.7218,3.9247,4.6704,0.603,2.7279,5.2134,6.5263,3.5349,1.0419,2.8455,8.3977,1.663,1.8279,0.5977,2.0688,1.2636,1.4772,6.3555,0.6969,2.9891,1.1349,6.8544,0.7651,5.7319,5.7053,3.6567,5.8706,1.9711,1.1004,4.159,3.099,0.3996,1.8728,3.1479,4.3177,5.5167,6.1588,6.8393,2.3257,-0.1307,7.7535,3.1769,1.8305,4.2589,1.2661,2.0643,2.921,4.3117,1.3028,2.6357,7.8442,3.4646,4.9451,4.5337,2.0117,3.0788,2.1589,5.5744,2.729,6.6768,5.0291,7.9924,6.5447,6.6622,0.2855,6.0761,5.027,4.4595,7.4657,4.1096,7.5276,4.6816,7.5899,4.4522,6.0644,3.3722,6.6796,5.9832,3.8898,5.5776,1.4909,4.1544,7.7486,4.9546,7.2816,4.3532,2.3294,7.6468,3.9277,5.3675,4.7131,3.0965,5.5027,2.7189,10.129,2.9327,7.5646,3.3015,5.79,7.4905,8.4675,4.6051,3.373,4.3897,3.4425,4.6629,4.3082,4.2341,5.7045,4.3951,5.9144,7.0958,4.1711,8.5638,12.615,5.4177,4.6226,2.5459,2.5026,2.3742,1.0049,2.8242,4.4189,5.913,4.6484,3.665,7.781,5.1126,2.3067,4.6953,1.0986,4.6538,4.7828,5.0668,5.8843,7.2712,6.0805,4.8623,3.0124,7.9983,5.1354,0.9066,5.2736,3.6971,6.4459,5.5723,6.527,5.2736,2.5082,5.3026,0.3817,4.9894,4.5498,7.0517,3.7731,2.4621,6.7874,1.465,4.7494,6.1903,3.6296,4.7461,2.9917,6.3769,6.3895,6.872,8.65,3.5646,3.1884,4.6966,4.2715,6.8049,4.1197,4.4597,5.7468,3.3136,3.3183,5.9796,1.9216,5.0494,3.647,5.92,6.4323,7.2767,7.9763,2.7816,3.8137,6.755,3.6308,4.8026,4.9069,4.5601,7.5273,4.6782,3.3357,3.1795,2.8651,4.9363,4.4636,7.3178,7.9664,3.0408,5.6662,6.8502,1.7527,4.7006,6.5673,4.027,3.7031,5.9095,7.2571,5.7524,5.5018,4.8224,3.4875,7.3954,4.2675,5.5854,5.2022,4.7787,4.8882,7.4483,6.7806,8.6233,4.0953,6.6245,4.9825,4.0642,5.3543,3.8519,7.7177,3.6207
0.9138,4.1096,3.5716,1.5426,1.2654,0.6709,2.8417,0.895,2.4672,1.612,1.7652,5.4227,2.3004,-0.6234,0.1946,1.4262,1.9379,2.8438,0.67,3.6535,1.8106,1.1254,1.4711,1.3009,-0.252,1.7664,2.7286,3.1659,3.1844,2.3679,2.497,0.7845,0.1702,0.4975,3.012,4.5486,0.3682,0.7583,2.9091,3.8812,-0.2268,3.2059,0.5476,1.2251,3.605,2.4243,1.0243,0.7392,5.7263,1.4299,1.0571,3.5247,3.0897,3.5518,3.2599,0.8565,1.6775,5.1332,5.6181,3.3512,0.6771,4.751,4.3321,3.2273,3.6956,4.1583,-0.4491,2.2954,3.8698,6.8228,3.4819,0.2896,2.6684,7.9489,1.7022,1.7683,0.6486,2.2369,1.1054,1.3016,4.454,1.5779,3.0241,1.2222,6.1597,0.8629,2.2378,4.0871,2.5932,4.6889,1.4913,2.0379,3.1353,1.8972,1.0497,3.2429,1.3715,2.665,4.6397,4.4359,4.9064,1.104,5.1182,7.2631,3.8403,2.3522,3.1581,1.4959,3.4398,1.6761,3.383,1.9615,2.8233,6.585,3.4547,3.8689,3.9932,1.1918,3.7569,3.6762,6.3865,2.3973,4.721,5.0031,6.796,6.6119,4.7419,0.85,5.0674,3.2459,3.9387,6.8601,4.1007,4.8821,4.1474,5.6544,4.0008,4.1017,3.2356,5.4268,4.196,1.7588,4.856,1.8134,4.7526,5.0417,2.7085,6.4486,3.4327,2.9543,6.8106,3.5398,5.6253,4.0875,3.7528,4.9631,4.6913,7.0639,3.2808,6.8886,3.7779,6.5399,5.6243,8.6513,4.1971,4.1297,2.6967,2.5793,5.4986,3.9355,4.8162,3.6609,5.6197,6.594,6.6121,4.672,4.7795,12.6543,7.219,6.5264,3.9091,2.9152,2.1042,1.1792,2.474,5.5389,4.4979,4.6534,2.6796,3.1624,4.116,3.4216,5.6431,1.6379,2.7191,4.8193,4.2312,3.8612,3.8659,5.6212,4.3464,3.0239,6.9408,5.1789,1.9255,1.2773,3.479,4.9817,5.7363,5.6864,5.2083,2.869,2.6747,1.0646,4.2908,5.1209,6.1596,5.0285,3.457,7.3164,2.1292,4.8352,4.1075,2.2536,4.5659,2.1563,6.3961,3.5177,3.1848,7.6566,3.9975,2.6149,4.0313,4.919,4.2589,4.0957,6.5654,6.0445,3.975,3.6482,6.1226,2.5187,5.0494,4.8793,6.5003,4.5999,6.4465,5.8098,2.0202,4.5087,3.7807,4.0903,4.6261,5.3509,5.7573,5.4389,5.3951,5.9044,4.1789,2.7609,5.0785,6.5028,6.6869,7.351,4.0599,4.7992,5.2712,4.0026,3.5846,5.9917,4.6129,4.8925,5.6674,7.1829,4.2741,5.8604,4.6416,4.0338,5.7633,3.5303,-0.6682,5.522,3.3171,7.9005,6.6413,5.4657,8.8398,3.8054,6.3337,4.4545,6.2832,4.7826,3.7053,6.4464,3.3957
0.3336,3.7201,6.4546,1.5758,1.2654,1.5326,1.6168,-0.5039,2.2364,-0.0501,2.3485,4.8348,2.6125,-0.6234,1.429,1.1938,4.1175,3.6043,0.6386,2.7223,0.7885,4.499,1.3325,3.0333,0.0872,1.3788,3.3734,2.7811,3.6685,0.8466,3.444,1.4497,0.9551,-0.0748,3.5678,5.585,-0.0013,1.0434,6.8049,5.8454,0.9241,3.2176,0.7289,0.4759,1.2788,3.2601,2.3519,0.5081,5.7625,1.4299,2.0149,4.4564,3.3632,4.7939,2.6768,0.9452,1.7249,1.5791,7.1723,4.7708,0.4578,4.8534,5.7024,3.9709,3.9198,3.8221,0.7525,2.697,4.8341,6.5263,3.7474,1.6375,2.5473,9.0601,2.6682,2.0314,2.1389,3.0529,1.2354,1.7224,7.0715,1.1884,2.6223,2.675,4.6434,1.3895,3.7224,5.3911,3.1683,6.7318,1.6271,0.3007,3.7429,3.0659,0.5494,2.7061,0.8766,4.1092,5.5167,5.842,6.5464,1.2227,3.2362,7.7535,3.1769,1.0645,3.546,0.7682,2.5408,1.6934,2.3803,1.4642,2.3641,6.3374,2.5826,4.1151,3.9687,1.2843,3.521,4.9789,5.454,4.2869,5.0558,5.5965,7.4398,6.0331,5.2547,0.8304,6.2019,5.6359,3.0035,8.9196,4.5142,7.5276,5.3962,7.1858,4.4165,6.1911,4.333,10.0389,5.058,3.2387,5.8952,0.2209,1.91,3.4099,2.3361,7.2209,3.7261,2.9543,8.3662,3.0612,6.2629,5.1114,5.2158,5.2781,2.5518,9.0708,3.4575,7.6315,3.9773,6.1105,8.5428,9.9721,3.2901,2.8821,4.3878,2.7046,5.1004,4.2375,3.8134,4.6274,3.3779,6.6458,5.7776,3.8718,6.2088,12.2175,6.0708,5.7044,4.7627,1.6421,3.0296,1.6944,1.8073,5.4913,5.315,5.601,4.0159,4.429,4.5421,5.1101,5.0338,1.6379,2.476,4.1523,4.6854,4.5549,6.8117,4.8803,5.5447,3.2875,7.205,5.1354,0.9066,1.2311,4.0152,4.955,4.8702,8.7724,4.581,2.3196,4.0901,0.3719,4.9049,5.4008,7.4513,3.7731,4.4567,7.8014,3.264,4.7353,6.0792,2.1014,5.4777,3.245,7.7652,4.0038,3.8971,8.9522,5.2887,3.6155,3.432,4.3729,5.9497,3.7555,6.8013,5.353,3.0933,4.0981,6.6436,1.4426,3.5935,5.477,7.0835,5.8482,8.1738,7.0078,1.3656,4.1473,6.54,4.1908,5.4961,4.9069,4.8953,6.9421,7.3481,2.5149,4.3986,2.2196,4.1729,5.6685,4.8721,8.5597,2.1612,5.7393,6.5383,1.9892,3.2549,5.7333,3.9565,3.5646,5.6141,7.5735,4.9915,4.2301,4.9341,4.8047,6.7012,4.9835,8.4111,5.9094,4.7281,5.5351,7.3502,6.1262,8.3263,4.2283,6.6538,3.7612,4.0663,4.8534,4.266,7.8015,3.3711
0.5903,3.5249,3.7076,1.4536,2.1917,2.5394,1.3818,-0.4035,2.4906,-1.0627,1.9726,1.1604,1.391,1.5695,0.8736,0.8969,0.5687,2.0148,0.2002,1.9791,-0.4032,0.4396,1.5187,1.5523,1.3489,1.1599,0.6701,2.1529,1.3563,1.3834,0.7671,1.2565,0.3358,0.7149,1.234,1.1316,2.0222,-0.2409,4.7426,1.221,0.3734,0.6495,1.542,1.5798,3.6789,3.6264,0.7869,0.105,5.1466,1.6041,0.6272,0.995,3.4437,2.1804,3.1687,1.5648,1.4899,2.2317,2.7158,0.7414,0.197,2.721,1.2021,1.5996,1.7484,0.1932,2.8697,1.631,1.1187,0.5398,4.2529,0.9053,2.6684,6.3816,2.8086,1.9142,0.5441,4.8824,1.0497,2.3698,7.3315,1.2316,1.7864,2.3957,6.8937,0.9964,3.6683,1.7518,2.8946,1.3446,1.2626,0.6335,-0.3398,0.635,0.7167,4.193,2.9592,2.2152,2.599,2.9999,6.0273,1.0358,-0.2725,1.7336,4.4716,5.2648,1.5281,1.7157,4.3922,2.5427,3.0498,0.8067,2.368,7.3077,3.1441,4.0285,4.1986,1.5217,6.4009,1.8728,6.9013,2.0288,6.604,4.4788,3.4662,3.6745,3.9405,1.4466,4.9567,3.5889,2.8328,6.0787,4.1007,3.6498,5.0313,3.2541,3.1889,5.3183,5.1014,5.8859,5.9218,2.7335,4.8831,1.9542,5.0932,6.497,1.4592,2.7214,3.1715,2.6094,4.5853,2.0448,5.9624,4.2669,3.2285,4.6713,3.548,6.6835,3.241,6.9557,4.1263,6.8366,8.5428,8.3712,3.674,4.1955,3.5537,3.0923,4.6629,4.7857,4.7642,5.2214,5.666,5.5271,5.9305,4.2529,6.325,9.9441,5.4398,4.011,5.0782,2.0881,1.4207,0.9806,1.594,4.5518,2.0653,7.3471,0.1781,3.3701,1.671,2.5243,3.6305,1.473,6.2706,4.7828,2.4857,3.7675,6.0038,6.2414,4.1632,3.132,5.8759,1.407,1.9164,1.8627,3.2902,4.3551,4.5066,5.5212,4.8121,3.0744,1.1596,1.0431,3.8646,5.5769,1.5767,5.3561,2.4653,5.7439,2.863,4.8352,2.1306,2.5933,4.264,1.6951,7.4307,2.6993,4.2821,6.0556,3.1637,4.8661,4.4336,4.2715,1.2394,4.2037,5.1182,6.0091,3.3198,3.6013,6.2016,1.8392,4.2146,4.3712,5.9726,4.1159,6.1365,3.3213,4.2768,5.7091,5.5334,3.6308,5.3881,4.6006,5.8544,5.143,5.2705,1.9653,3.5691,3.0478,4.3191,4.6347,6.5874,6.652,3.1128,0.6656,1.1605,4.1389,4.1295,6.6302,5.2178,3.6727,5.1629,6.83,4.224,4.5565,3.5658,6.4093,5.3564,2.9299,6.0821,7.0119,5.2617,7.6634,1.3697,5.7604,8.5122,3.1899,5.7976,4.5196,5.7319,4.048,2.9688,3.2354,4.0634
0.8731,4.4897,4.3385,1.4536,2.1486,1.2044,1.5332,1.0179,0.6692,1.4355,2.3371,4.1402,1.0243,0.7456,1.7679,1.28,1.9996,2.7059,1.1932,2.9254,0.6501,3.2233,2.444,2.492,2.5015,2.2025,3.5488,3.2216,2.3694,0.2209,2.9102,0.7426,1.7021,0.9878,4.0014,4.0143,2.0222,1.0855,7.8761,2.3954,0.3951,3.8075,0.7001,1.6677,2.4734,3.188,1.9978,0.7664,5.2794,2.1237,1.5745,3.4199,4.2494,3.5039,3.0983,2.8354,0.7418,1.4463,5.6353,3.1723,0.8671,1.467,3.5692,2.4286,4.5029,4.3557,1.1616,2.2419,3.8698,5.2305,3.9632,0.9763,3.7468,4.834,2.3271,3.1756,2.2771,2.3902,1.8637,1.4772,6.4939,1.6099,2.9883,2.2674,4.7443,2.1237,3.5047,4.5796,3.1206,2.362,1.4507,0.6519,2.7144,3.9206,0.9566,1.8393,3.2281,4.476,5.8965,4.744,4.7945,2.9325,4.1134,7.2169,4.55,1.009,3.1697,0.7682,3.484,4.6529,6.3592,2.8555,3.4496,6.3374,2.8627,4.5716,4.463,1.7789,3.6946,3.3209,7.1025,3.9606,4.8753,5.3305,6.0463,4.636,6.869,0.311,4.8908,3.977,4.6179,7.0852,5.1383,5.6252,4.9212,5.7368,3.784,5.6245,4.9598,5.4112,6.405,3.8043,5.1056,2.7631,6.0936,6.9023,3.1926,7.1311,3.902,3.01,7.3854,2.7491,5.2694,5.5472,4.6626,5.2781,3.335,8.0649,3.8136,7.7463,4.1808,7.0168,7.7257,7.8437,5.0756,4.1273,4.5059,3.329,6.0219,3.8093,5.8803,5.3188,7.3239,6.1475,6.0231,5.2027,6.3051,11.3389,7.0171,5.4851,3.346,1.6323,3.4766,1.3551,3.7575,4.996,5.0488,6.0455,2.6796,6.5489,4.4707,3.3025,4.4709,1.9474,4.0479,5.0459,3.8151,5.5699,5.9102,6.7081,4.6688,3.4975,6.3674,4.0071,1.4655,2.2226,4.8959,6.0508,4.9648,8.2508,4.3523,3.2534,3.3429,0.7381,4.8847,4.5187,6.0984,4.1985,3.5845,5.0708,5.2344,4.7348,3.9566,2.0687,4.6676,2.9917,6.6409,2.9079,7.4779,7.57,5.0757,4.21,5.4387,5.7034,4.3911,4.2037,5.0825,5.6114,4.0883,3.7335,7.7025,1.6621,5.8771,5.0766,6.618,5.2793,6.1652,5.1619,5.6333,3.8407,3.9398,4.4217,4.4365,5.5551,3.9322,6.7704,4.9331,4.8668,4.5538,3.1597,5.1951,6.1686,5.4982,8.5597,4.954,4.4891,5.6978,3.7773,5.0926,6.5409,4.5313,5.5867,6.1376,7.5357,4.3323,4.472,5.5447,10.09,6.1966,4.2675,-0.0704,5.4972,4.1771,6.6214,7.3502,6.4705,9.9467,4.9089,6.7003,5.8792,5.3405,5.179,4.7352,7.3253,4.3661
3.4219,5.4668,5.1395,1.2431,3.2824,2.8055,3.4583,1.8009,3.2213,1.9957,3.9097,4.1216,7.3201,2.4495,1.5818,2.1532,1.3796,4.0229,1.9794,4.0727,1.513,1.2347,3.8629,3.1063,2.654,2.8025,3.3734,3.0616,1.2177,1.2795,3.7839,4.8666,2.2564,1.8081,3.2285,4.88,2.1733,0.9188,8.3787,2.3135,1.7204,2.0323,2.2057,1.2051,4.5961,5.2309,1.8898,1.7611,6.9156,4.2638,2.0446,4.8069,3.7121,3.5132,3.9492,5.2204,3.4123,4.8768,6.949,2.9994,2.8242,4.0145,4.5982,1.8753,5.549,3.5415,0.5614,4.3897,4.7053,1.3411,4.274,2.3422,5.5821,3.9127,3.568,4.2989,2.4162,3.7962,3.0567,1.2068,6.6045,3.6463,4.0184,1.7882,3.2425,3.7198,4.8386,5.0438,3.117,5.2203,2.9503,1.0546,3.907,1.2916,1.4413,4.2856,3.4006,6.1117,2.831,4.5529,4.1038,2.5382,2.1019,6.1331,4.978,7.0707,2.4882,1.8471,5.4123,3.4746,6.2941,0.7673,3.3428,5.0015,5.3034,4.2802,3.7847,1.8386,4.1173,5.5657,8.2927,3.7556,5.2415,6.3463,6.6205,5.2699,6.2266,0.311,7.5218,3.8973,6.2467,7.1891,5.5824,5.7493,7.2453,7.5899,3.4421,6.3679,6.6192,10.9276,6.405,6.1911,8.0772,3.5926,5.7675,8.8963,1.4592,7.0749,3.4634,6.364,6.0945,5.1563,6.4234,7.9495,5.0948,6.5077,3.9656,9.3245,6.0616,6.241,6.4773,7.4908,6.2665,8.5867,7.1734,5.4839,4.1171,5.2675,7.1857,5.5293,6.6466,5.6875,6.6246,5.5977,8.0239,6.2256,7.9066,13.5789,7.954,7.5648,6.7301,3.6956,3.8287,2.5312,3.7553,7.0738,5.0877,6.1178,1.9499,4.3316,3.9012,2.4442,5.8611,3.7287,5.913,5.1097,4.6539,5.2043,4.9297,6.2901,3.8547,5.3053,9.111,4.7502,3.0336,4.4903,4.9949,6.162,7.0797,5.4311,5.2583,4.8338,2.6747,3.268,6.334,5.9678,4.9273,5.0531,5.0034,5.7092,4.5372,6.3891,4.0384,5.1897,6.0805,3.9474,8.7935,5.3045,8.159,7.729,4.3981,5.32,4.6828,6.4194,3.5793,6.2025,8.4365,8.9798,5.3759,4.9622,7.3041,2.1401,9.58,6.6137,6.4843,4.3983,5.8864,5.7615,5.7462,4.5087,2.6399,5.7372,4.7237,7.593,4.3663,6.049,7.5,4.4866,4.7818,4.8984,6.633,8.9615,5.8986,8.9229,6.1456,5.6286,4.9178,2.6965,6.2913,8.2476,5.633,7.0031,6.2434,9.0829,5.9436,5.5125,6.1757,2.5584,6.8854,4.9835,5.6373,6.8479,6.2729,8.9661,6.7594,7.6563,10.2888,5.9304,8.5387,8.7905,7.5497,6.5277,9.7777,5.912,4.6959
0.3813,2.9543,5.2124,1.3516,1.2303,1.4428,1.893,-0.1714,2.4089,2.7541,1.9945,2.9383,2.0117,-0.2215,1.5201,1.1405,1.7918,2.1464,0.6858,3.6836,1.1541,4.5369,2.0354,1.2549,1.4068,1.9386,2.5239,3.1092,2.7414,2.6073,2.6151,5.2348,1.0836,1.549,2.6295,4.3689,0.315,0.7966,3.6919,2.1297,0.0348,3.1739,0.1815,0.3426,3.9416,2.519,0.8436,0.7033,4.8937,2.045,2.1221,2.9033,2.394,3.8568,2.6808,0.9452,1.1905,3.422,6.169,2.9994,1.5374,0.8381,4.5069,1.8753,4.5029,3.8171,-0.0925,1.9507,2.3477,4.801,3.6997,1.702,3.7468,5.5329,1.663,2.0183,1.6409,2.0091,2.2988,0.9186,6.4014,1.6234,2.0167,0.8465,2.6496,1.9937,2.2806,3.7921,3.5448,4.1035,1.3225,1.1411,2.4568,1.7485,1.5695,3.4586,2.6113,2.2314,3.8146,2.9261,6.8969,2.4203,4.0293,6.6562,3.9548,2.6694,2.9181,1.5875,2.8096,2.1314,3.8167,0.7723,2.732,7.4063,3.578,2.9027,4.2713,1.1656,3.0498,2.7854,5.3078,4.5976,5.3163,4.8899,5.6165,5.4738,5.6355,1.3437,5.272,3.7656,3.6039,6.8496,4.6645,4.8943,4.7465,5.2715,3.8891,5.7078,3.2139,5.8273,4.3792,2.1734,5.3543,1.264,5.203,7.3996,4.0049,5.3622,3.288,5.1692,6.7406,3.8222,5.9851,4.8612,4.8598,4.9631,2.7963,7.9427,4.0614,6.9018,5.3815,5.7687,6.006,8.3877,4.1971,3.8996,2.6313,3.7349,4.8188,4.7535,4.4638,6.433,3.8383,6.1502,7.2527,3.5751,6.5903,11.4368,6.7002,4.5313,1.0638,3.6392,3.8138,0.8194,2.6803,5.8484,4.6753,6.6188,2.0993,0.9796,3.7825,2.6338,3.3999,1.159,2.7191,4.6937,3.3222,5.3644,4.3987,5.4245,5.097,3.2641,6.967,4.3317,1.0466,1.2311,3.4144,5.9986,5.3531,3.3034,5.4152,3.283,1.9455,0.9084,3.0243,5.3391,6.1518,4.8799,3.337,7.6288,1.4288,4.8622,4.8587,1.8109,5.8144,2.4786,7.1246,3.1292,2.2881,6.9291,3.6851,3.392,3.6175,4.4637,3.5793,3.2793,4.9396,5.085,2.9222,4.9622,4.8792,1.8143,3.2952,4.5193,5.8562,5.2043,6.6784,5.1174,2.1925,4.4038,6.8596,4.7094,4.2145,6.032,5.8544,7.0426,5.1404,3.2238,4.5794,3.6004,4.585,6.6483,5.7872,7.077,3.0601,3.5905,4.6244,2.9254,4.9236,5.6707,6.2484,3.5646,4.4781,7.0991,4.5415,4.8078,4.5938,3.6899,6.7547,3.9194,-0.0704,5.5475,4.0791,8.0305,6.1334,5.1378,7.8317,3.7159,6.1985,4.9825,4.7687,4.8643,3.3101,5.879,3.7393
0.2957,4.0938,4.1337,1.6007,1.2939,0.8448,1.7352,0.4584,2.7541,0.6686,1.9072,5.9541,6.8377,-0.2221,2.1437,1.2367,3.1631,3.0799,0.5335,3.3685,1.9389,4.2191,1.421,1.7512,0.8041,2.2915,2.8989,3.0571,4.2266,0.2283,2.3081,4.8666,1.0853,0.1999,3.4135,5.4925,0.5017,2.1258,6.9917,5.8454,-0.2291,3.6912,-0.0136,0.511,2.8118,2.7965,2.6462,0.6574,5.4063,1.5393,2.4532,3.519,4.9021,4.0277,2.4678,2.4369,0.6302,2.2355,6.3201,4.3285,0.4578,2.6982,5.6197,3.7502,4.8824,4.1864,1.0577,1.5859,4.4731,6.8228,2.5843,0.9824,2.5318,8.2074,2.657,2.0989,1.7321,2.8206,1.3447,1.473,5.6395,2.268,2.7531,2.312,6.439,1.3895,2.236,5.4773,3.4625,5.9533,2.3447,1.118,2.942,3.099,0.522,2.5883,2.3628,5.099,5.0172,5.4436,4.1038,2.6004,0.6101,7.7535,4.3391,-0.4021,4.2589,0.9972,3.0106,3.005,5.985,2.4523,2.966,7.4277,2.7987,4.5597,5.1027,2.1505,3.1117,1.8728,5.454,3.5335,6.1746,5.6261,7.4398,7.3872,7.5736,1.1215,5.9249,4.8395,6.6106,7.4589,4.3553,6.2781,5.9588,7.0676,3.5448,7.0398,3.8579,8.9331,6.0677,4.116,8.0772,2.6134,5.8341,8.3713,5.0328,7.1573,4.1694,5.1564,7.3262,3.5385,5.799,6.5742,4.9589,4.1418,3.2429,9.3239,4.4514,6.3527,6.6825,5.3383,7.7599,9.4311,4.3788,3.9996,4.1024,3.3738,5.7912,4.4035,5.097,4.8542,3.3779,7.9814,5.821,5.4185,5.2381,12.9355,5.397,4.7763,7.4209,2.9152,4.3137,1.5305,2.8293,6.5123,5.913,5.9064,3.665,4.6665,4.4707,4.3015,6.1914,1.6379,2.8567,4.5107,4.1785,4.8088,6.8117,4.6801,4.971,4.0961,6.5843,4.3053,0.7768,2.8158,3.4475,6.3936,5.7202,9.5079,4.1319,2.2258,5.3026,0.3817,3.9205,5.1235,7.6959,3.7573,3.5287,5.877,3.836,5.6397,5.5239,0.84,5.572,3.2226,5.6538,3.4355,3.7699,7.9722,2.4436,3.1135,3.0948,4.8295,5.4813,3.7427,6.0366,4.8042,3.6262,3.5052,7.0011,1.4521,5.3559,6.1268,7.1999,4.799,7.9926,7.8517,1.6023,4.2875,7.085,4.5943,4.6002,3.8581,4.0603,8.6705,5.9068,2.8095,4.7936,3.8056,4.9912,4.4938,6.1121,6.4978,4.4992,5.0674,6.5843,1.7916,5.0709,7.1011,6.7919,3.6727,5.3792,7.7405,4.6866,6.7166,3.9622,3.1718,6.8593,4.1924,5.732,5.6793,2.754,5.4857,6.429,6.23,6.8312,4.216,7.3082,6.2127,5.5098,3.8625,4.4403,6.7379,3.3957
0.9993,4.7037,4.8326,1.8077,2.1234,1.2962,1.1301,0.066,2.2374,3.0704,2.5427,1.1416,2.1618,0.2717,1.9374,1.0429,0.2579,1.3795,1.9794,4.0816,1.3083,3.5429,2.4095,1.5545,1.286,2.2151,0.7871,4.6489,1.1308,1.9476,0.6099,0.2035,1.2861,1.6009,0.2987,1.9773,-0.0349,0.3461,3.8226,1.3784,0.3928,0.6234,0.1147,1.5798,4.2299,2.6839,0.2268,0.6775,3.884,1.627,1.8372,1.7564,2.1228,2.773,2.4997,4.3009,1.1969,0.7397,2.7158,0.8119,2.1091,5.5197,0.9049,1.5054,2.1699,0.2315,0.6411,1.6347,1.5123,3.6302,4.0096,1.262,3.5235,6.0796,2.6956,2.7955,1.6726,1.529,2.0582,2.5198,4.0661,2.9211,1.3547,1.7866,4.7111,1.8079,2.1714,1.6062,3.9693,2.674,2.1486,1.2682,-0.3398,-0.0345,1.2492,2.4518,1.4367,3.692,1.9746,2.705,6.4202,2.478,4.1068,3.8797,4.3199,3.2915,1.6865,1.5879,4.068,2.8311,5.1718,1.6516,2.7846,8.239,3.6048,4.8314,4.3614,1.1846,3.262,2.9932,6.8328,3.4028,5.2415,5.6693,4.7977,4.0094,5.9504,1.5779,5.0017,3.6272,5.3756,6.1368,6.0927,3.721,5.0574,3.9171,3.7213,6.1323,1.8491,7.4022,5.3819,3.8774,5.7056,2.0755,4.5571,7.3996,4.0172,4.8091,1.7405,3.79,4.0558,1.7684,5.1358,5.6626,5.3584,3.8091,4.6956,9.1632,4.1348,7.5368,4.1829,6.7866,6.0628,9.9734,5.1471,3.8452,3.7559,4.315,6.6372,5.0078,5.1994,4.6531,6.5518,6.5435,7.6899,5.4088,5.2381,11.3389,6.4433,7.1988,5.6907,3.1782,2.8295,0.8844,2.1689,5.4206,1.9406,5.7183,0.7719,1.9859,1.6744,3.2075,4.5015,2.7038,5.3292,4.5791,2.7395,4.988,4.6899,6.1204,5.3826,3.2265,8.3088,2.8259,0.9066,2.4077,3.7767,5.8416,5.3393,5.2115,5.6771,3.3146,1.4816,2.617,6.334,4.4131,2.9227,4.6655,3.3441,7.2088,4.0769,5.5656,2.4073,2.4443,4.9962,2.65,7.4427,2.1651,3.6339,6.0776,2.7273,3.3075,3.0991,5.18,1.0386,4.2037,7.0845,6.713,4.0346,4.9486,6.7822,2.474,4.8989,5.2924,6.4073,5.0688,6.3912,2.643,2.8169,3.7643,6.0243,5.5247,5.0263,6.701,3.4262,6.982,6.4008,5.4157,4.5538,4.0461,5.4008,6.4864,5.1869,8.2208,3.8543,1.5517,2.5158,4.5022,5.4301,6.7841,4.5956,5.6057,5.8731,7.2399,4.5532,5.3379,3.888,4.5781,6.3982,4.4525,8.6545,5.6785,6.2729,10.5742,2.7115,6.1565,8.721,4.1426,6.6222,7.394,6.1096,4.462,5.9329,3.8144,4.1471
0.2884,2.8373,4.7567,1.6007,1.2939,0.5529,0.7256,0.0705,0.6692,1.2316,0.5827,3.157,0.9003,-0.6234,0.8952,1.5857,0.5174,1.3511,0.2312,2.5179,0.6574,2.7695,1.1503,1.2393,0.7617,0.7869,1.0967,2.8854,2.6357,2.01,1.4772,4.8666,1.102,0.8603,0.3113,1.1273,1.703,-0.28,3.0299,1.221,0.6965,0.3651,0.128,1.6278,4.3312,2.8897,0.5584,0.4096,3.3769,0.5846,2.375,2.3146,1.9647,3.0679,2.6897,3.238,0.9249,3.0505,3.3446,0.799,2.0433,0.6318,2.6126,1.52,1.6705,2.3936,1.2786,1.1768,1.3176,5.1403,3.2609,0.4298,2.4983,5.9687,2.9724,1.9554,0.9773,2.3462,0.7435,1.7167,4.454,2.5428,0.9075,1.4454,3.7742,1.6571,3.0359,2.6531,2.7529,3.7928,2.5415,1.4134,0.4061,0.3091,1.808,3.8103,1.111,2.3553,2.1578,3.4528,5.7008,2.0457,-0.4818,4.5998,4.3199,2.8716,2.0229,1.1437,3.3209,3.0111,4.3117,1.0037,2.966,6.7585,2.5826,3.1971,3.9039,1.0455,4.6174,5.1621,7.1613,2.8344,4.8296,5.0551,4.9541,3.7833,4.3611,1.3754,4.3984,3.8417,4.7185,5.5601,5.6263,3.1286,4.7465,3.2668,2.6714,5.7173,3.6471,5.9197,4.6551,1.9964,3.9922,1.1646,4.863,6.174,1.9673,4.3155,2.4054,3.4427,2.7519,1.5157,4.731,4.033,3.9775,2.7345,3.5713,9.8022,3.1147,6.69,4.5375,6.7158,7.1651,9.0065,3.2901,3.4233,4.6391,2.8817,4.7054,3.4058,4.408,4.567,3.4218,6.4768,7.1793,5.0133,4.2649,12.0921,5.8223,4.5152,3.359,3.3087,4.2755,0.8482,3.0059,5.1074,2.7685,5.1936,1.0782,3.3355,1.4916,2.1372,3.3999,0.634,4.4579,3.833,2.6893,3.6485,4.0639,4.9248,4.5321,2.9772,6.2133,2.5183,2.4098,1.2773,3.1781,4.2582,5.1813,5.504,4.6766,2.8008,1.1878,0.393,4.1096,4.0624,3.1321,4.4841,2.5253,5.9152,2.3981,5.1152,1.9266,0.3228,4.7315,1.828,6.8621,2.0242,5.6979,6.1982,3.2237,3.9619,4.5582,5.0468,1.4362,2.8008,8.4365,5.9505,3.2538,3.6013,6.507,1.4521,4.3222,4.228,5.446,3.4209,6.0056,2.9973,4.5146,3.6777,5.0762,4.1156,3.2554,5.9512,4.951,6.2208,5.7282,3.6723,4.1683,3.3659,4.8575,4.1614,6.1028,7.6836,4.0496,2.1829,2.2806,2.3777,3.924,5.5824,4.5772,5.699,4.3285,7.1108,5.2219,6.8264,4.4463,8.2391,6.4603,3.3334,-0.1844,4.8814,5.2913,6.9485,3.4704,6.547,7.419,3.2344,6.0353,4.7305,5.0899,4.7169,4.2211,4.6378,3.3557
0.0473,5.0861,3.6059,1.839,2.7375,0.2389,1.7746,0.2702,3.1007,1.6837,3.3632,2.4386,4.1578,0.9494,1.0179,0.4555,-0.0759,1.8612,0.2002,2.4367,0.1521,3.3471,1.9339,0.7635,1.9662,2.3008,0.5422,3.4769,1.3153,0.8209,1.1758,1.2565,1.8333,0.8572,0.4963,1.7073,2.0222,0.7516,3.3779,0.0511,0.1514,0.9307,-0.2602,0.6682,2.399,2.0665,1.0329,1.443,3.1919,0.4065,1.9072,2.4571,5.8159,3.9011,2.4752,1.227,0.8177,1.0374,2.7809,1.6574,1.3286,5.3945,2.2637,1.5827,1.2298,0.1184,-0.139,2.1865,1.0527,3.2767,4.2034,0.9035,2.8274,5.8224,2.6795,3.1756,1.1073,2.0234,2.1225,1.2873,5.0862,1.7514,2.3404,2.2674,4.3704,1.3895,4.8252,2.6122,3.9735,2.9364,1.2716,1.6,0.53,0.1686,1.9592,2.0585,1.9965,1.484,1.6712,2.847,6.321,2.9325,4.1134,2.3135,4.898,0.3509,1.7056,2.073,3.7456,2.5548,4.7878,2.5615,3.0218,3.5602,4.4476,4.3727,2.4611,1.2331,4.9141,5.0435,7.8737,3.3178,4.8296,4.9337,4.0518,3.4254,4.9629,1.4705,4.006,3.3722,5.7843,4.3248,5.595,2.6474,4.5288,3.3471,3.5272,6.1813,4.23,7.3017,6.6725,1.9964,6.0328,3.5033,6.9689,6.5531,4.3199,3.8637,1.7386,4.149,3.601,0.4751,5.0266,6.5742,5.3982,2.4622,3.7267,7.6058,4.0432,7.626,5.808,5.232,7.7784,9.6882,3.761,3.1032,3.4353,3.3622,5.4977,4.0782,4.9461,6.0678,8.5953,7.5616,8.0519,4.9754,5.9264,12.615,6.8533,4.4293,3.2329,3.3451,4.0596,1.4658,2.4612,5.3674,1.044,4.8212,0.7022,4.0753,1.3061,4.1988,3.2455,3.388,-0.8446,4.8855,3.4587,4.3152,5.9101,7.2829,7.5137,3.4264,4.8714,3.3518,0.4514,2.0847,3.932,6.7122,7.6604,5.526,5.1085,4.0084,2.0184,1.8656,4.4537,3.9719,2.8942,4.4345,3.6734,4.0122,5.008,5.0324,2.5834,0.9639,4.5657,2.7816,7.7949,1.7901,2.4885,6.0213,3.8573,4.8984,2.3522,4.7777,0.7578,4.9396,5.3336,6.3875,4.4051,4.2818,5.3538,1.8392,5.2246,6.6056,6.5657,5.2043,5.8864,2.4055,2.2427,2.8339,6.682,4.8069,3.5178,5.8745,3.2196,7.0426,4.8777,3.1386,6.1671,4.035,5.45,6.0648,5.6922,7.1844,3.9782,0.8126,2.0231,2.2002,4.4337,6.6302,6.0432,5.5543,5.6036,7.7405,3.7413,5.9812,5.124,6.6348,5.5796,4.6352,5.6373,6.0921,4.5152,4.892,4.3653,6.1262,9.2228,5.3097,6.7797,5.2676,6.0579,5.2707,5.6288,4.4047,3.7781
1.7737,3.0999,5.4919,1.7764,1.8929,1.3507,1.7272,0.7995,1.5544,0.3306,1.9542,5.9541,2.0969,-0.6234,0.8884,1.9842,3.2676,3.0799,0.0444,4.4724,0.778,3.1329,2.9756,1.4464,0.0872,1.2762,3.5488,2.555,4.1597,1.0327,2.9158,4.8396,1.4449,0.3029,3.5834,4.8386,0.9461,1.0443,8.3787,4.616,1.0453,3.0008,0.4518,0.9606,2.3277,3.3532,1.951,0.3747,4.7455,1.7655,1.0195,4.5505,3.8529,4.0277,1.9694,2.4557,1.1905,4.2324,6.5092,4.3285,0.7024,2.1239,5.7024,3.4611,3.6574,4.6704,1.2786,2.5086,3.8698,6.2031,4.081,1.0788,2.4962,6.8137,3.772,1.978,0.9587,1.3158,1.0497,1.1417,7.2695,2.8173,1.9226,2.3223,5.3968,0.3564,1.7066,4.6461,3.32,5.4839,2.3447,0.4935,3.3243,2.558,1.0136,3.0895,1.9882,3.1948,3.8761,5.9237,4.6975,2.7052,-0.8686,8.1395,5.1658,1.8305,3.4971,1.6304,2.8096,2.7978,4.311,1.8325,1.8279,7.3077,2.5826,4.1543,3.7089,0.9114,2.7901,3.8367,5.7299,2.6893,6.1891,6.2234,7.4452,6.3292,6.2472,1.6497,6.1989,4.6577,5.981,7.4657,4.5776,6.2781,4.9803,6.6775,3.2947,5.9967,2.6742,10.0389,5.729,2.2815,4.5602,0.4196,6.2493,6.5901,4.278,7.7504,3.7695,4.123,7.3262,3.5628,6.2313,4.896,4.2185,3.2529,2.7189,8.4344,3.1229,7.5194,5.0677,6.0709,7.1898,8.8797,5.0953,3.1965,4.1171,3.8456,7.1079,4.5346,5.0953,5.1808,3.8383,7.7309,5.7776,5.3824,6.1955,12.2152,5.7601,5.7873,3.9091,3.1628,2.8767,0.9482,3.2637,5.3877,5.0877,5.2361,3.5243,3.0787,4.0799,1.8936,6.7517,0.5505,1.1168,4.5107,4.1785,4.3003,5.1109,6.1626,6.9753,3.2641,5.5359,5.8385,0.8875,2.3542,4.0166,4.4522,5.7202,7.9628,4.9268,2.7838,4.1436,0.0064,3.7937,4.5544,6.8095,3.6994,3.4385,7.1952,4.9934,4.7494,4.2452,2.6134,5.2859,3,7.4886,4.46,5.7179,7.9444,3.5566,4.8858,2.571,4.8829,4.9164,2.417,6.3797,5.6959,4.0072,4.0201,7.2676,1.5568,5.6603,4.4339,6.809,4.9506,6.1652,6.9852,1.6023,3.2883,6.3453,4.1284,5.0081,4.2333,3.2196,6.8147,6.5239,2.0949,5.0047,4.061,4.7315,6.819,5.8086,7.077,4.0844,5.0674,5.5832,2.2002,4.1025,6.0827,5.092,4.5108,5.8465,7.7267,4.8171,7.7285,4.0551,7.1394,6.7018,4.9835,6.03,5.6899,5.3822,6.6364,6.8195,6.1604,7.7909,4.0363,6.5263,6.7865,6.1452,3.8841,3.7398,7.4198,3.3358
0.9325,3.3754,3.1374,1.6877,0.7974,1.306,3.0353,1.0942,1.9582,0.5905,1.5639,5.3274,2.1618,-0.2215,1.2353,2.5391,-0.2726,2.4952,1.0963,2.8855,1.2047,1.2278,2.0522,2.6845,-0.252,2.8025,1.8658,2.3608,1.8671,0.8385,0.9741,4.9834,1.8135,0.2994,1.5903,2.7432,2.0222,0.1111,3.8226,3.6393,0.9229,2.4815,-0.0428,0.9964,4.954,3.5298,0.5403,0.5939,3.9997,2.1402,2.0324,1.7821,3.3852,2.1804,2.5463,1.676,1.3668,4.8768,5.1847,2.0304,2.3055,4.199,2.1754,2.355,3.0181,1.4487,0.1699,2.7481,3.5222,4.1869,3.6804,1.818,3.2294,6.363,3.772,2.6769,1.7716,3.4983,2.9282,2.3088,6.744,1.6145,3.219,2.0567,5.5938,0.9378,2.3153,2.8706,4.027,2.0696,3.4489,0.4935,1.2569,0.4092,1.6377,3.4586,1.6039,5.099,6.1445,4.3524,5.1593,2.1952,3.7511,6.0393,3.7441,1.009,1.8164,2.0205,3.5103,3.4007,5.0821,3.1011,1.6903,7.3993,2.9552,4.2131,3.7172,2.1921,6.2032,3.0917,6.3865,4.2966,5.3163,5.4796,5.0741,5.2858,5.7089,0.01,4.7149,4.8395,6.4003,7.3525,5.0711,5.0276,5.7339,4.7158,2.5962,5.1177,3.2139,6.2056,4.4469,4.0902,5.9347,2.5859,4.6066,5.7702,4.3221,6.252,3.2192,1.837,4.389,4.1517,6.2389,6.4719,4.4991,4.3611,4.971,8.4344,4.4381,7.5587,4.8633,6.5953,6.8602,8.8797,5.4443,4.6961,3.1726,4.8912,6.1337,4.0484,6.109,5.9339,3.3779,6.4931,7.7708,5.5867,6.0748,12.5797,6.1111,3.6218,4.6728,2.4743,2.7661,1.819,3.7553,5.3243,3.4003,5.6762,1.6144,3.6739,2.7501,2.9453,7.0417,3.852,1.0568,3.7158,3.7702,4.3466,6.5917,5.6387,4.9345,3.8654,2.9215,5.1709,0.893,2.7143,3.7088,5.9565,6.637,4.8951,4.6717,3.9311,4.1612,1.6334,4.3769,4.6223,4.4398,4.5137,3.9974,5.646,3.131,4.9273,3.3566,2.9924,5.1556,3.3577,6.1416,3.3661,6.7737,6.7218,3.2028,4.659,3.0991,5.123,2.6571,4.1197,7.5382,7.2221,3.5101,3.9012,8.0822,1.9244,4.5143,6.2316,6.8428,6.2271,7.2876,4.1624,2.1925,4.1916,3.2522,4.4973,3.7328,5.8458,3.2196,5.9092,6.0236,4.1366,5.0821,3.9119,5.818,4.2723,5.4982,5.3613,5.583,3.2136,3.0526,1.9892,4.6786,7.0647,4.9147,5.4805,6.4398,7.6577,4.8404,4.6096,4.3278,8.4376,5.782,5.5267,-0.1258,5.6513,3.8151,6.4705,6.4531,5.7915,8.6238,4.2907,7.1552,5.0253,6.0259,5.0363,3.4875,4.5943,3.7087
0.1738,4.7037,3.0703,1.2529,0.7974,0.3748,0.8907,1.1251,2.0956,1.4483,1.9945,3.5191,1.7652,0.9563,2.4427,1.4974,-0.7671,1.4751,1.1002,2.5917,0.0346,2.4489,2.4095,0.334,0.1522,2.2025,0.1256,2.0846,2.2426,0.2209,0.8533,3.4845,1.5464,0.4511,0.7222,0.3079,1.4161,0.0636,3.0215,4.3146,1.1153,1.0009,-0.4042,1.6278,5.0991,2.9909,0.2302,0.8564,3.0532,0.2143,2.7004,0.8094,4.6536,2.6538,1.9694,3.7316,1.6818,1.7905,2.4822,0.5945,1.879,4.751,0.6888,0.5687,2.3912,0.3326,0.7976,0.2999,1.4929,3.6058,3.7831,2.5398,2.8274,5.9923,1.296,2.3619,2.4162,2.3462,3.0567,3.088,4.454,2.5428,2.4183,1.7249,6.3529,1.0087,2.6845,0.4537,2.4454,0.2058,1.47,0.9221,-0.1458,-0.2352,1.1886,3.4361,1.111,3.9268,2.654,1.8935,5.8502,1.2703,4.1134,1.5814,3.7604,1.7206,1.1313,2.0257,2.6445,4.0808,6.0071,3.1011,2.3454,5.9181,2.9552,4.7933,4.8822,0.8036,5.3988,3.7265,7.6392,2.6893,6.6926,5.9023,2.932,2.3801,7.3217,0.6569,4.079,4.8184,6.0732,5.8106,5.7388,1.9795,5.8986,2.7709,3.2366,6.3679,2.8458,4.6228,5.7707,2.7335,5.7056,2.7896,5.4738,4.3219,4.5642,4.3155,2.9331,3.2459,2.3796,3.4767,4.5194,6.5742,5.3928,3.8128,5.6459,9.3239,4.563,6.54,4.6646,6.7666,6.6756,8.7395,6.5846,6.1582,4.6221,4.1943,6.9287,2.6064,6.6466,5.0149,3.606,5.9144,5.4376,4.1967,4.1633,11.5311,7.954,5.2458,2.5459,2.9352,5.0726,2.2946,2.9921,5.4124,1.9755,5.1585,0.1228,4.4104,1.6977,1.5264,6.2523,2.8926,7.0685,4.8193,3.9692,4.5342,4.7834,7.2162,3.7897,4.0588,5.7991,3.9655,0.9655,1.0908,4.3487,5.1652,5.2685,6.0273,4.4247,2.8008,2.2125,2.5671,5.5637,4.5109,1.8901,3.7573,3.8009,5.6554,5.2344,5.0549,1.7854,1.9211,3.3493,3.298,7.3122,3.5396,6.3325,6.625,4.4905,3.6796,2.928,5.6288,1.1502,3.9956,7.2329,7.0967,4.0879,4.0636,6.7822,1.4426,4.794,6.0566,8.154,5.6946,6.3854,2.9576,3.328,4.3523,6.8596,4.55,4.5977,6.4141,4.0603,6.5425,7.3481,4.2505,5.9284,6.0103,5.3532,4.1728,6.4453,5.7596,4.4239,1.3421,1.7804,2.7915,5.054,7.3509,5.6706,7.0492,6.4047,8.5128,3.778,5.4022,4.3147,9.2203,6.2074,3.4176,6.6922,6.0971,3.2534,7.4295,2.3633,6.5336,6.8312,4.4697,7.1552,7.3679,5.0358,5.037,5.5592,2.7592,3.9348
-0.4417,4.9283,4.1337,1.3235,1.9414,0.5202,2.9186,0.4249,2.4906,0.3958,1.0502,6.2389,2.112,0.3788,1.5761,1.2784,1.9611,2.4495,0.7797,3.0549,1.2469,1.3334,2.0309,0.7635,-0.0966,1.1053,2.6581,3.7981,2.8351,0.501,3.0494,0.7845,1.3567,0.5391,4.2216,4.5486,0.9661,1.2293,3.0752,7.7163,0.2863,3.2176,0.8901,1.5704,3.3392,2.9909,1.5062,0.398,4.6081,1.8879,1.439,3.2323,4.2965,3.2339,4.4216,4.3009,1.3745,2.2147,5.9961,3.5007,2.0726,1.9587,4.476,3.295,3.9473,4.3557,0.383,0.8475,4.1016,6.5263,3.7134,1.1574,2.8274,4.4602,2.6795,1.7514,0.7835,2.0786,1.1435,2.3579,4.0118,1.6013,1.7591,2.5542,4.5815,0.8867,2.5736,4.2636,2.4002,5.5019,2.2669,0.7252,3.3356,2.4266,0.1717,1.8336,1.7211,1.7147,2.948,3.5285,5.8586,1.5661,4.2507,6.4473,5.0217,2.5788,3.7004,1.6952,2.2055,2.9212,4.0106,2.0852,2.5189,4.9201,2.8241,3.9413,5.3491,1.7237,3.8931,3.5191,7.0046,2.2856,6.58,4.8899,6.8732,5.2699,6.2631,0.2855,4.7083,4.33,4.6179,5.2512,5.2622,4.4993,4.9009,7.0058,4.0271,5.717,2.608,4.4885,5.2683,2.9809,4.1689,0.7963,4.863,5.0941,3.2232,6.4486,3.2088,4.2219,7.6298,3.3917,4.1493,4.7131,4.2866,4.2224,2.8438,7.6058,3.4303,6.1516,4.7784,5.7687,6.2773,6.0839,4.7123,3.0781,2.892,3.4693,5.1004,3.0387,4.073,4.3466,8.1012,5.5526,6.4925,4.6411,3.0673,11.4961,6.026,6.5038,3.0015,2.166,5.0726,1.214,3.425,4.5518,5.3841,4.6586,2.6193,4.6665,4.116,3.2342,4.4005,0.854,2.9496,4.1523,3.8151,4.5197,5.6064,5.4107,4.2023,3.2112,5.1954,5.1789,0.9066,0.2385,3.0924,5.2466,4.3075,4.4764,4.8353,3.3013,3.5729,1.0646,4.9049,4.146,6.6676,3.9041,3.0601,5.9968,4.0769,5.3558,5.4642,1.8109,3.3409,2.4815,7.5951,2.9079,4.7403,7.9722,2.7331,3.2003,4.496,4.8701,4.728,2.5041,6.3115,5.3509,3.1472,3.9309,5.6741,2.8336,4.4762,5.1243,6.1731,6.4323,7.9926,5.9888,1.8917,4.7386,5.7939,3.9743,4.6392,5.8007,4.5499,5.7996,5.1778,4.7903,3.8077,3.8333,4.6761,4.1051,6.4239,5.2525,3.4438,4.686,5.083,4.5022,4.6786,5.6892,6.2484,5.6057,5.7186,7.0799,4.2599,5.7196,3.9249,7.0231,5.3702,3.4902,4.8944,5.7057,3.6955,6.4758,6.8195,5.0519,8.1933,4.0953,6.4027,4.6684,4.9769,4.2985,5.2569,7.9268,3.5326
2.3847,3.8706,4.8052,1.3694,2.4831,0.5893,1.7421,1.4444,0.5219,1.5064,2.751,5.7404,6.0236,0.2253,1.3403,1.4247,1.4962,2.2651,0.0444,3.3779,0.8238,2.5937,2.1029,1.995,1.6764,1.8196,2.5926,3.072,4.0692,3.4142,2.8702,4.9834,1.4519,1.1061,3.11,4.3689,0.3908,1.0443,6.6254,5.2812,1.2178,3.1091,0.7378,0.9748,1.2788,3.1512,1.9089,1.2227,5.6791,2.0238,2.575,3.691,3.0295,2.6312,3.1164,2.5373,1.4899,3.2956,5.9701,3.5302,0.6792,1.6385,4.1736,3.7502,5.2276,4.4143,3.167,2.0927,4.4281,5.8546,4.0733,2.3771,4.1133,8.2074,2.5002,3.3215,1.0712,1.974,3.2276,1.2844,6.3079,1.6013,2.4183,0.8465,6.2966,0.3564,2.3579,3.9875,2.9783,4.2987,2.1486,2.0515,3.5513,2.517,1.4592,3.9177,3.2422,4.1369,3.4777,5.8717,4.9064,2.6004,5.1182,7.7781,3.9088,-0.4021,4.4651,1.8014,3.3384,2.8311,4.4656,1.8192,2.6658,5.348,2.4814,3.1107,3.4491,0.4513,4.1173,2.4411,6.2561,4.2624,5.3695,5.2799,6.796,5.7976,5.9553,0.9764,5.5803,5.027,4.7045,7.1891,5.0163,6.0032,5.0495,5.8919,3.3833,6.1737,2.716,6.4359,6.064,1.9964,5.8952,2.4975,5.4281,8.0545,3.5647,6.0898,4.6337,3.79,6.2934,3.4767,6.2629,5.3322,4.6546,3.3826,3.5771,9.8022,3.7379,6.3868,4.5375,6.0476,6.1793,10.0833,3.674,2.7501,3.8934,4.1826,6.8919,4.4449,4.408,4.094,5.102,7.919,6.0794,5.5422,6.558,12.3994,7.8333,5.1595,7.037,2.1354,3.1801,1.3359,2.5774,5.5707,4.9037,5.3601,3.0072,2.59,3.804,3.4216,6.5068,4.7683,5.2346,4.2254,4.1671,4.6007,5.689,6.8327,6.9753,3.5897,7.4704,4.6739,0.9066,2.7641,3.3901,6.0834,5.3437,3.7661,4.9214,4.0802,4.1999,2.0364,5.481,5.9678,6.4723,4.7736,3.7965,6.8313,1.4514,4.9931,4.7681,2.8998,5.4554,3.2963,5.7153,4.0015,4.2167,7.768,2.4716,3.0836,3.1911,4.6142,4.4689,4.9108,5.4469,7.0218,4.6419,4.0201,8.0768,2.3268,4.5385,5.1243,7.447,5.7607,6.7301,6.8367,2.2825,4.3115,5.5334,4.7189,4.7432,5.7654,5.3721,6.7305,6.5239,4.5308,4.8559,2.8673,5.4008,7.8266,5.4982,7.9496,4.2807,5.1562,5.1325,2.3671,4.0739,7.2791,6.6118,5.7437,5.516,7.5357,4.8665,6.4517,4.9151,6.4093,6.7477,4.9835,4.2464,6.4307,3.739,6.2187,7.4483,6.6514,8.9488,4.7742,7.1014,6.2939,6.888,5.5138,5.4958,6.6213,4.0382
0.7326,3.823,4.8326,1.2431,1.5775,1.0526,1.6141,1.817,1.7059,0.3191,1.8166,5.6606,1.909,2.0972,2.5713,1.1377,3.2417,4.0229,0.2312,4.691,1.2267,1.2347,1.8516,0.3954,0.3633,1.788,3.3734,2.2949,4.8075,0.906,4.0851,3.6512,1.2153,1.6009,5.0241,5.585,2.0222,1.8377,5.594,5.2829,0.4729,4.2221,0.1673,1.9737,3.7139,2.0274,2.3963,0.8173,6.4032,0.8745,3.5101,5.0234,2.4207,3.372,2.7948,3.6724,1.9916,1.4934,7.647,4.8515,0.9424,1.467,5.972,3.7975,5.549,4.1404,1.7046,0.2931,4.9823,6.7142,4.0507,1.661,2.1281,4.0723,2.2487,2.4864,1.7646,1.6736,2.7507,1.7297,5.326,1.8299,3.3268,2.1659,3.2425,0.8837,2.1714,6.0106,3.3759,5.9533,1.0062,1.0558,4.1612,2.5669,0.5308,2.9039,1.4548,3.5674,4.5861,5.7821,4.9079,1.1502,-0.4025,8.5852,4.3558,0.1914,4.4651,1.5139,1.8496,2.4943,6.2941,2.4523,2.4173,6.0487,2.9552,3.1292,5.3491,2.1505,3.7762,3.7843,7.8519,4.5976,6.6768,5.0312,9.6333,6.3292,5.0625,0.5533,6.2019,4.7269,5.0771,7.0852,5.7491,7.3541,5.474,7.1858,4.4522,6.3225,3.3296,4.4885,5.7707,1.9964,4.7966,2.1902,4.2858,6.8894,2.2138,7.2816,4.7816,3.0703,8.3662,5.1527,5.6183,5.6025,3.9917,5.5027,4.0627,9.3245,3.6425,5.7804,5.1058,5.7327,6.8089,10.6269,5.6213,2.2775,3.9442,4.1131,6.2965,4.0811,4.6713,3.6609,4.4967,7.7127,5.9961,4.7428,3.8673,13.7476,7.6137,5.0738,4.2707,2.0395,4.7608,1.7511,3.3794,4.5185,6.2567,4.8386,3.6365,4.5417,5.023,2.5023,5.8611,2.373,-0.8446,3.4368,4.1614,3.8368,5.97,4.8916,3.0506,3.4937,4.8714,5.8385,0.9066,1.2773,2.9052,4.1049,4.5416,5.2176,4.6146,2.7525,5.7232,1.3183,6.3863,5.8585,7.0517,3.7378,3.1543,8.0031,4.9042,5.1357,5.7764,2.9526,3.6001,2.8879,8.7935,4.6664,3.7628,8.9522,3.4746,4.6,2.1276,4.8829,5.9497,4.4857,6.0366,7.4026,4.3578,3.8412,6.9797,1.8143,4.3721,5.5195,5.7853,6.0273,7.2767,7.8632,3.3735,4.2715,6.755,3.6308,5.2658,5.5131,3.4121,5.5354,6.0931,5.3794,4.8395,3.1597,4.1729,5.5776,6.676,6.9776,4.456,5.6662,6.8502,2.2002,3.8615,5.682,6.3746,5.9042,4.9794,7.5416,5.6123,6.7166,4.7624,5.0089,5.0681,4.6635,-0.6951,6.0923,5.0233,5.9556,7.6731,5.3869,7.5123,3.9661,6.7003,6.6162,5.789,4.4573,4.8606,7.0346,4.0067
0.9138,3.3175,3.2951,2.0628,1.5501,0.7235,1.4428,1.0742,0.6692,0.6686,1.8031,3.4736,6.8377,0.6834,0.5622,0.4714,0.7399,1.0523,0.2312,1.4025,0.7282,-0.4608,2.0091,1.8263,0.4436,0.7699,1.2274,3.4769,1.4647,0.6179,1.3829,1.2874,1.2153,-0.0748,1.121,1.0815,1.7774,0.1406,3.0315,1.7867,-0.1276,1.1781,0.0256,1.5798,2.2046,2.3236,0.9227,0.6389,4.2302,1.7703,1.0306,1.7564,3.8551,3.2585,3.5051,0.7957,0.6524,3.6221,3.3742,0.8259,0.3799,3.0229,1.9844,1.5827,3.0728,1.1366,0.7525,1.6347,1.5582,1.4657,1.891,0.4669,2.4962,3.4396,1.3222,1.9142,0.7064,3.502,2.226,1.1417,4.145,0.6604,2.0312,0.4661,5.0552,0.7651,1.7479,1.0935,2.4512,1.1644,1.4507,2.1327,0.2335,0.6385,0.3996,2.6908,1.8765,2.5086,3.0901,3.2728,4.2014,1.0358,4.1068,3.9042,4.898,1.3189,1.0205,1.4909,2.0643,1.9143,2.3803,0.7539,2.7202,7.5459,4.7517,3.2172,4.973,0.2203,5.127,3.9305,6.5905,1.5307,6.372,4.4788,3.186,5.1189,4.6794,0.8817,4.38,4.0245,4.0597,5.5601,4.8573,3.4797,4.0153,4.5286,3.3377,5.3528,3.1802,4.6228,6.7765,1.9626,4.7817,1.9746,5.579,6.3971,4.5681,4.1825,3.3636,3.01,3.5894,2.1734,6.4234,4.8384,3.7783,2.6833,3.8701,8.4779,3.1147,6.429,3.2599,4.7836,5.3177,7.5326,3.761,2.7501,2.6003,3.5533,5.4719,4.7027,5.779,4.8913,5.5453,6.0719,5.6985,4.672,2.3202,9.8082,5.2049,5.0709,6.1406,2.7323,2.0842,1.4396,1.4012,4.5518,2.7136,6.2389,0.5151,4.4367,1.9784,3.1464,6.3469,2.7138,2.0643,4.4663,3.2572,4.7483,4.3111,6.2932,3.7897,2.7301,5.5359,3.9655,0.8981,1.4557,3.0386,5.5003,4.7298,5.1136,4.3858,3.256,1.6625,1.2524,4.8847,5.1623,3.9847,4.6511,2.1974,7.3211,3.6013,5.3784,2.1956,3.1553,4.0485,2.6654,7.3546,3.1134,5.2556,6.727,2.3754,2.7076,3.2021,5.2955,1.5915,5.0783,4.8137,5.6959,3.8436,4.8062,6.0013,2.3834,3.8177,4.4804,6.6755,6.0273,7.1316,3.9979,1.6023,4.6111,7.085,5.7526,5.4351,4.5879,3.6819,4.9268,4.8131,3.2903,3.1795,3.5974,4.9912,6.016,5.9955,5.5911,3.5601,2.3703,2.5655,2.3671,3.9445,5.6707,5.6192,5.1716,5.6648,6.5679,4.179,5.3008,4.6416,7.0231,5.7811,2.9925,-0.6078,6.1617,3.4197,7.0098,4.1156,5.2421,7.4905,3.2887,5.6775,3.7612,5.1675,4.8643,5.5866,4.3622,3.5523
-0.0655,4.1232,4.894,1.7147,1.5475,0.7275,4.1511,0.3541,3.1007,1.6481,1.0754,4.4661,3.084,0.3825,1.3403,1.0714,0.7399,3.0181,0.794,2.7675,1.4013,6.516,1.8248,1.2015,-0.252,2.3554,1.9338,3.0163,1.7206,0.6458,2.5863,1.2565,1.4792,0.7149,2.6894,2.689,-0.0013,0.3777,4.2156,-0.0914,1.8288,2.4815,-0.0056,2.2218,3.6298,1.8929,1.0235,0.8173,4.0733,0.9672,1.0969,2.9218,2.4996,3.0971,3.5897,1.4567,0.9249,2.1938,5.6181,2.8844,1.4584,3.3678,3.8577,2.6358,2.903,2.9155,1.0523,1.6347,3.3412,5.0477,3.6919,1.0107,2.6467,5.1577,1.3969,2.1458,1.0271,1.3158,1.0497,1.6323,6.3079,2.0137,2.7825,2.048,3.0424,1.8014,3.2475,4.1566,3.0782,4.1102,2.5681,-0.3544,2.0275,1.8394,0.9569,2.7663,2.444,1.1098,2.7633,3.8183,6.3361,1.7887,-0.9621,7.2631,5.1658,0.1914,1.7037,1.3688,3.2525,2.4527,4.7878,2.2729,2.3046,6.0289,3.2061,4.4022,3.8274,1.6739,2.808,3.7767,6.4194,4.2869,5.8799,5.519,5.6801,6.141,4.4989,0.311,4.5648,4.7269,5.5746,6.1368,5.2386,4.8282,4.7388,5.8391,4.0217,6.0083,3.4654,6.9702,2.9967,4.0409,5.3657,0.2209,3.9608,4.2048,4.5642,7.0759,2.7591,3.9963,6.7406,2.774,5.3675,5.0225,3.9607,4.6713,2.9388,7.9748,3.1105,7.942,3.8009,6.1105,7.0435,8.3742,5.3462,4.0778,4.6853,3.3738,5.6114,3.8913,5.2075,5.4756,5.1432,6.23,6.3786,4.6654,3.8295,11.6108,5.397,6.4244,1.6077,3.8089,2.7121,0.8844,1.7835,5.3467,3.6799,4.6534,2.7854,4.7592,3.9012,2.3988,3.2455,1.159,0.6941,4.3996,3.7396,5.0652,5.2598,7.3045,5.7622,3.419,6.3003,5.1709,1.8093,1.2249,3.7822,5.3849,3.4407,4.2335,5.2432,4.0084,3.7976,0.6498,3.8608,4.8498,5.6978,3.8212,2.8229,7.0604,0.7803,4.587,3.1229,1.2393,4.1227,2.4931,9.1328,2.2246,6.872,7.768,4.0526,4.659,5.1503,4.53,4.3552,4.2037,5.4826,5.5234,3.6183,4.1436,7.025,1.8439,6.6909,4.994,6.7097,5.8482,6.8937,4.5232,2.1331,3.1902,4.4608,4.8428,3.4225,5.5313,4.3306,7.3581,6.0931,2.2871,3.3519,2.7609,5.2478,5.0407,5.2566,7.1272,3.3443,2.4424,4.9178,5.3901,4.0959,5.7133,4.9045,5.6438,5.9366,6.5679,4.356,6.5483,4.6169,2.3805,6.2074,3.9735,8.6545,4.9712,4.7367,4.2944,7.2,5.8722,9.6205,3.0506,6.1994,6.4122,5.5467,4.4653,6.1458,7.8015,3.4003
0.0473,3.6351,3.0381,1.8685,1.2489,1.7037,1.4642,0.9193,1.2074,2.355,1.9072,4.4155,2.6125,0.0952,1.0303,2.4538,0.8693,2.1934,1.2404,2.9308,0.9947,-1.7406,2.1849,2.2585,-0.0966,2.1919,1.9635,2.9093,3.1681,1.3016,2.4289,3.9939,1.0484,0.7402,3.11,4.3689,0.8935,1.0303,7.0307,4.1973,-0.1123,3.2903,-0.0136,1.6278,2.9736,3.1862,1.0183,0.2414,7.2893,2.2766,0.5118,1.6157,3.79,2.5767,2.7479,2.5224,1.912,2.9877,5.9683,2.5604,0.4578,4.0145,4.1069,1.8218,5.0029,3.8059,-0.4491,1.0898,3.3289,3.6302,3.7749,1.0107,2.882,5.3201,1.9834,2.2812,0.8745,3.7962,1.7792,2.2038,5.2708,2.269,2.0312,2.048,6.1725,1.3895,2.3153,3.2508,3.9735,2.9733,2.12,1.4429,2.3782,0.516,0.8111,4.1573,1.7927,3.3656,3.8451,3.3396,5.3827,1.9802,4.2546,5.8059,4.9723,3.9738,2.4948,2.2537,2.6709,2.8887,4.325,2.3073,2.5189,7.9101,3.4735,3.1807,4.251,1.4244,3.9069,3.026,6.0714,2.0052,6.1891,5.5924,5.6223,5.0163,6.5268,0.6857,5.5403,4.1594,5.5852,7.2867,5.631,5.371,4.8498,5.8616,3.3833,4.1017,3.3296,5.4268,5.2533,1.9751,5.5123,1.6292,4.6379,6.6622,2.9661,5.9439,4.3291,3.2748,7.4828,4.147,7.3104,4.9867,3.808,4.4358,3.5954,6.6363,3.0896,5.4047,4.7756,5.9374,7.1213,9.0065,4.8351,4.1284,2.4741,3.5739,5.2619,4.0612,4.9461,5.0149,6.6196,6.4075,5.9961,4.4625,6.0396,10.2114,5.9341,7.1509,6.0937,2.1604,3.1801,1.6944,2.8829,5.5383,4.7528,6.0634,2.1622,3.4132,3.3895,3.6492,5.3234,3.3888,3.153,3.8191,3.5025,4.8472,7.2712,5.0306,5.1371,3.5635,4.7397,5.1709,1.2673,0.6065,3.9153,5.6778,4.8967,7.9628,4.7044,2.3219,4.1522,1.6529,3.4525,5.8585,4.8962,5.2195,3.3782,5.7167,2.148,4.6646,3.6238,3.6495,4.444,2.4804,6.6291,3.6223,3.7628,8.231,4.4573,4.2227,3.3844,5.2696,4.2742,3.9743,5.8876,5.9388,2.9716,4.2062,7.1008,2.8262,3.8177,5.3481,5.3636,4.5836,6.6784,5.8098,2.6414,5.0838,5.5437,4.1128,4.5173,7.5562,5.6498,5.9808,5.2182,5.9044,4.0979,3.6457,4.8462,5.6479,6.2048,7.163,3.444,3.8665,5.083,2.1094,6.0636,6.6901,3.9309,4.5323,5.4552,7.4288,3.4553,5.2881,4.1814,6.0655,5.9803,4.6352,4.5723,6.4972,3.6436,9.4734,6.8195,6.4147,8.0455,4.6271,6.6179,5.1199,5.1675,4.2411,3.7983,3.8144,3.6558
1.9073,4.9892,3.0381,1.5387,3.2824,0.9272,2.3516,1.187,1.6405,1.5846,3.1388,5.7404,1.2542,1.635,3.1003,1.0566,2.1525,3.8978,0.4077,2.4995,1.7643,2.4736,2.4095,2.2283,1.6671,1.2311,2.2282,4.6489,3.631,2.185,2.7961,1.8889,1.3029,0.688,4.0014,4.8386,0.9578,0.6758,7.2161,3.8812,0.4271,3.8075,0.2492,0.4743,3.7683,3.1273,1.9978,0.9733,3.392,2.1341,2.375,3.4418,4.911,3.7879,3.6187,3.0467,2.0191,3.7607,6.4077,4.3218,0.6792,3.0019,5.1183,1.8974,4.4206,3.7255,0.6411,4.2383,4.8341,6.5263,3.7318,2.8803,3.8263,9.5405,2.6411,4.2989,1.6922,2.8206,3.3006,1.9937,7.5505,1.395,2.3923,2.142,4.5815,0.8837,5.3426,4.5796,1.9179,4.9989,2.0386,2.4005,3.1836,1.5717,0.5854,2.5039,1.3715,3.9268,5.8965,4.4402,5.1923,2.3257,5.4335,7.2117,5.0058,2.7034,2.7849,2.0205,3.5751,3.2541,4.0122,2.3371,2.2469,5.4177,4.8432,4.8314,3.3777,2.9914,4.5658,5.0435,5.7299,3.3644,4.7598,5.3831,6.6318,5.2907,6.3174,1.1069,6.3002,3.5916,5.3116,6.8601,4.9402,6.8288,5.2344,7.0058,2.7084,6.0802,5.1056,8.9714,5.5076,4.159,6.2399,2.7415,5.5269,7.8752,2.7609,6.1328,4.0021,3.3152,7.7098,3.5398,5.4473,7.4187,5.3573,4.8069,3.5595,7.7828,4.563,7.1776,5.1358,6.0115,6.6058,9.8195,6.7813,6.2476,4.3464,4.843,7.5268,3.7274,6.0619,4.8126,6.4362,5.5977,7.2508,5.0133,6.3902,11.2474,7.6137,7.1509,5.5576,3.8089,4.7239,1.8377,3.425,5.6372,4.4942,5.0224,2.8484,4.131,3.5599,2.7699,5.3129,5.5601,2.7783,4.2684,4.4656,4.7483,5.3597,4.9911,4.9345,4.3719,9.2408,3.5694,2.2673,7.4827,4.6677,7.3762,5.0182,6.2843,4.6148,3.7608,4.6281,2.5337,5.1968,5.1047,5.3613,4.2054,4.7201,6.3107,5.7644,5.7477,4.1569,2.8687,5.3446,2.8327,5.7153,2.9838,5.3152,9.6478,4.4848,5.0042,6.2577,5.6812,5.8293,5.5629,6.6963,8.8627,4.9867,3.7975,7.2747,2.1539,6.66,6.356,6.5252,3.8635,5.0878,6.8018,5.7462,3.7643,4.2106,4.7768,3.4749,7.2224,4.3379,6.199,6.5239,3.0364,5.3899,3.1598,6.1712,6.5085,6.3324,9.2805,5.5323,4.6728,5.083,2.2002,5.0451,8.7422,5.633,7.2546,6.1376,8.5376,4.3094,5.3478,5.5447,6.0655,6.3121,4.7214,6.0904,5.8363,3.6953,9.6567,6.3292,6.7215,8.8072,5.9196,7.6504,4.9825,6.4799,4.9251,5.0943,5.1715,3.4747
0.4566,3.1473,5.4919,1.5961,1.9224,1.2641,4.2146,0.1052,2.9066,2.2886,2.0497,5.7404,2.6888,1.6024,0.38,1.8106,3.2417,4.0229,1.0644,2.7441,1.5719,4.7485,1.9305,1.4165,0.3687,1.097,3.4451,3.1814,5.3702,1.7665,4.1549,5.5823,1.8468,0.504,5.0241,5.5113,0.7366,2.1258,3.9244,5.5811,1.4779,4.2221,1.2892,0.4759,2.9115,3.1349,2.5442,0.8494,5.5705,2.2766,2.4392,4.4564,3.2803,4.0277,2.8527,0.6966,2.1549,4.2324,7.487,4.4944,0.4376,0.8195,5.871,3.9296,5.549,4.623,0.0156,1.3818,4.7979,5.949,3.4828,1.0146,2.1281,5.68,3.0386,2.1497,1.728,2.2389,2.5433,1.574,4.5061,2.269,3.2494,0.8465,3.2106,1.0057,2.5736,5.7053,2.9843,5.9533,2.1416,0.5295,3.9587,3.9206,1.2098,1.8438,2.9912,2.8499,4.6397,5.7821,4.2253,1.1502,3.4101,7.7535,4.1226,2.6147,4.2589,2.15,3.484,2.8994,4.2692,1.5722,2.3641,7.0667,4.0266,2.9027,5.2247,0.7037,3.733,4.9789,6.2645,2.4701,7.5174,5.1151,7.9924,6.5447,6.0528,1.0322,6.9743,4.1934,3.7517,6.9186,4.8289,7.3541,5.2816,7.7689,5.4475,6.4168,3.0706,5.5244,5.3065,2.1748,4.1251,1.1796,4.349,7.905,2.7894,7.7504,4.4841,3.8223,7.1957,5.1527,6.3053,4.4653,5.3573,5.5027,3.1572,9.0599,4.4825,5.4047,5.6019,5.7687,7.4828,8.5576,6.0983,2.7501,2.6003,3.0923,4.6629,4.2971,3.8134,4.9354,3.3779,7.919,7.0228,3.9596,5.3185,11.3389,6.0133,4.5426,1.6077,3.6956,3.9294,1.1658,4.2587,4.5518,5.7435,5.3743,4.2496,3.3701,5.4514,2.5545,3.8207,1.0986,0.6831,3.3706,5.0064,4.8088,5.1669,5.5062,4.045,2.8044,4.2477,5.4941,0.9066,1.961,3.2322,5.4715,3.3934,5.7399,4.2348,2.7838,5.5277,1.6529,4.5529,5.7031,7.4513,4.7736,3.1543,8.3905,1.4514,4.9806,6.3269,3.8712,4.158,3.245,7.7803,6.3895,7.263,9.6478,2.3206,3.6401,5.0378,4.5639,5.8293,3.1309,8.1633,5.9483,3.3198,3.7335,5.3903,1.787,5.3048,4.7086,5.7305,5.6946,8.1738,7.8632,1.3656,4.526,6.682,3.9743,6.5337,5.0095,4.617,5.4427,7.3481,3.7676,5.4495,3.8674,3.8175,4.1837,6.8285,5.1466,3.8231,6.4583,5.8359,5.3901,4.9234,5.3228,5.1953,5.2556,4.5035,7.1358,5.8608,6.6553,4.8111,7.2684,6.3075,5.2373,4.6264,6.0532,5.0178,7.336,7.4483,5.6772,8.1032,4.5484,7.0897,4.2345,5.0043,5.2411,3.1979,8.1154,3.2615
0.2781,3.1353,3.8218,1.4215,1.2602,1.1368,2.2666,0.4249,1.345,2.6222,1.6739,1.77,0.6072,0.4909,1.2353,2.1532,0.4415,1.0708,1.0755,1.6586,0.6501,2.4932,1.7621,1.4467,2.2497,1.2023,1.4793,2.9093,0.786,1.441,0.8533,0.7374,0.9101,0.4758,0.4494,1.6544,1.1539,0.503,3.6012,0.4551,0.0108,-0.2717,0.9453,1.0767,1.2788,2.45,-0.1248,0.3747,4.2885,1.7016,1.2601,1.2077,3.2979,2.9694,1.9589,2.9105,1.6876,1.3343,1.8703,0.5945,0.8386,1.2898,0.7609,0.815,1.0804,-0.4773,0.617,0.7199,0.8675,0.4952,2.7637,1.1005,3.3943,5.2323,1.3483,2.0314,1.4613,2.1624,2.0345,1.702,5.0022,1.5684,2.2884,1.2222,3.9978,1.6309,3.1925,0.3796,2.3194,0.2058,1.0062,1.1378,0.0677,0.3617,1.5695,2.5685,1.9965,3.3256,1.7256,3.1715,4.437,2.857,2.872,1.9937,3.3613,3.1258,1.0472,1.0435,3.6407,3.0112,4.1519,0.7673,2.7244,6.6299,2.5317,3.6428,2.7393,0.4293,3.8278,3.2132,6.4984,4.2966,6.6864,4.3732,2.6237,1.6046,5.2475,0.9083,4.0029,2.4877,4.8283,5.9623,4.726,1.6934,4.1411,2.1315,2.7562,5.5445,2.6329,8.1089,6.064,2.7283,5.2865,2.859,4.2724,6.3691,4.7762,2.5916,1.9665,3.0984,2.1637,2.0045,6.2237,4.9867,4.2216,2.5336,3.286,6.5342,3.0896,6.5718,5.3815,5.232,7.9101,6.9506,4.7912,3.9756,3.1449,2.4398,5.1004,4.0782,5.4097,5.7061,6.7134,6.2582,6.8552,4.5084,4.2409,11.0772,7.0073,4.444,2.6393,2.1354,3.562,0.8829,2.8751,5.5787,1.62,7.2729,-0.0466,2.3038,1.9794,2.3139,3.5912,1.763,5.4914,4.9819,2.5192,3.6503,4.7053,6.7081,3.6019,2.5562,7.0194,1.2243,0.9655,1.2249,3.6506,5.1559,6.2798,3.7538,5.109,3.5767,0.3069,0.7504,3.0258,4.0953,2.2182,4.1741,2.7416,7.6591,4.3326,4.4752,1.643,1.1517,4.3942,2.145,6.71,2.2545,3.9121,4.9312,2.6943,3.2378,2.6991,4.2715,0.4401,4.4857,4.3107,6.5768,3.8825,4.5678,5.0988,2.107,7.0074,4.4804,6.3327,3.7297,4.8248,2.6986,2.1138,4.326,3.8287,4.2352,4.4536,6.4998,6.2094,6.1254,4.286,3.7694,4.9717,3.512,4.6967,4.9914,5.6326,6.1307,3.2272,0.3941,1.3799,2.3503,4.3375,5.6892,5.4535,5.4562,4.9398,6.5785,4.2599,4.8078,3.8695,8.4376,6.7198,2.6283,5.4457,4.997,3.3171,6.4957,1.6546,5.328,9.3552,3.5924,6.1994,4.5098,4.301,4.2955,4.1366,2.5407,3.9887
0.2957,3.6647,3.3173,1.8246,2.005,0.8464,1.9019,0.0215,1.4447,1.9957,1.6577,2.9046,2.6888,0.2717,1.4696,2.5391,0.6859,2.0004,0.6101,3.5433,1.2717,0.6305,2.0519,1.2328,1.1393,1.6816,2.5239,1.7718,1.9806,0.7692,2.3311,2.1736,1.0187,0.8579,2.0785,3.9051,0.6161,0.6398,3.2185,1.7313,-0.2542,1.784,0.2843,0.3572,2.6302,2.3254,0.3692,0.105,3.5623,2.0705,0.6272,1.9233,2.3339,3.5291,3.146,3.9062,1.7256,2.1231,5.1994,1.9133,0.4578,2.721,3.7911,2.203,3.0837,3.4293,0.1847,1.432,2.5369,3.5848,3.9317,1.0582,2.8455,3.082,2.1944,2.4853,0.7622,1.223,1.6587,1.2717,3.9609,3.7614,1.7596,1.7174,4.183,0.8837,2.5285,2.6531,2.2756,2.2823,1.8004,2.3129,1.9374,0.412,0.6318,3.9177,2.1281,2.9811,2.3387,2.9264,4.9546,2.1757,3.2576,6.5541,4.6814,3.7741,2.6396,1.6853,2.7647,2.5785,4.3117,0.8067,2.1958,7.2446,2.5826,3.2172,4.6772,0.3765,2.3045,3.6875,6.4015,3.0689,5.2415,5.1517,4.8125,3.7575,5.0454,1.8498,5.0017,2.8105,5.2764,5.2633,5.8355,4.0796,4.8905,4.8298,3.3634,6.2944,1.7404,6.6796,6.7765,3.0972,4.0704,2.3378,5.461,8.1302,3.9604,4.2614,2.4548,4.4559,5.3524,2.545,4.943,4.896,5.1433,2.8708,3.9545,6.7108,3.2808,5.7804,4.8253,6.2783,5.5725,6.3399,4.8142,3.613,2.8051,4.2051,7.1857,4.3347,4.874,5.1357,7.6255,5.5977,7.6287,4.4813,6.1357,6.7639,6.8151,7.047,3.2247,3.9365,3.5858,1.2059,3.3255,5.7378,3.1686,5.2128,1.4,2.0882,3.0595,2.5243,6.1532,2.373,0.6831,4.0614,3.1912,4.3152,6.0313,5.0695,4.3919,3.5666,5.5234,2.7889,0.744,1.7688,3.3407,4.4522,6.3925,3.7099,4.6265,3.3994,0.8162,1.4376,3.429,4.0404,4.6951,5.0937,3.2945,6.1173,3.2894,5.3416,2.6814,1.8384,4.0619,2.3521,8.4909,2.5789,3.9831,6.0861,3.6587,3.5665,2.8965,5.1268,2.7617,3.8542,6.0145,4.4518,4.0072,3.953,5.2113,2.8351,4.436,5.2031,4.825,3.1814,4.3765,4.1352,2.6715,3.2963,4.6527,4.3051,4.5791,5.8248,4.5537,5.7525,5.137,5.0239,4.8559,4.5177,4.0789,4.1728,5.5679,6.52,3.77,3.2136,3.9275,2.9572,4.7019,5.7996,5.9728,4.4934,5.3431,7.4378,3.9488,6.7807,4.569,5.6009,5.9501,3.6376,8.8249,4.8814,5.1091,8.4719,4.5096,5.9307,6.7557,4.0463,6.5263,5.3734,6.5179,4.0427,4.683,5.3111,3.3557
0.4302,3.6118,4.5415,1.4597,1.8238,1.1691,5.4736,0.5087,2.4814,2.7782,2.7522,3.0613,2.8512,-0.2855,1.1555,1.4025,1.7918,1.2053,0.0444,3.2759,1.3476,2.3368,1.7476,2.5886,0.3494,1.5687,1.7626,3.7714,1.3262,4.9033,1.3747,2.8325,1.0524,0.5185,0.9802,5.4925,0.5607,1.1343,3.0299,1.4374,0.1628,2.6395,1.2754,1.6677,2.2046,2.7694,0.002,0.4104,5.4652,3.7086,1.1347,1.5664,4.2795,2.4051,3.1359,0.465,2.8184,4.8768,3.9607,0.8965,1.4611,0.8195,3.2677,1.8904,0.685,1.1366,0.2611,2.0295,2.2759,1.5503,3.6868,2.4821,3.1528,7.9656,3.4162,2.7238,0.9959,3.0529,2.1828,1.8464,4.2043,2.2882,4.1716,0.8465,4.7289,1.8863,3.2599,3.2408,4.3933,5.5019,1.7953,1.5297,1.6556,0.331,1.8483,2.7338,2.2834,1.9194,2.599,3.6306,6.5464,2.2927,4.2546,2.3131,4.1875,4.0619,2.8614,2.4617,1.697,2.9189,5.1976,1.6452,2.5983,7.9501,5.399,4.1151,4.241,0.3765,4.3498,4.4979,6.4984,4.5976,5.6279,5.6335,4.7801,4.4947,6.4643,1.3322,5.5403,3.6432,4.528,6.0107,6.152,2.7993,5.2949,4.5084,2.9801,5.4295,2.6329,4.4885,5.7707,2.1748,4.1689,2.0728,4.8144,7.0497,4.1597,4.1406,1.9665,4.9816,4.8888,3.2604,6.2389,5.3754,4.3735,2.6353,3.9028,8.9105,3.4609,7.4433,5.4268,5.5944,5.2035,9.6882,6.5846,4.8149,3.6884,5.0828,5.9104,5.171,4.9732,5.5602,4.7685,6.2809,7.1025,5.5483,4.4578,13.5789,6.4641,6.2217,3.5442,4.6371,4.4572,1.3562,2.5234,5.9888,2.3429,6.2808,0.99,4.0753,2.6496,2.6322,6.2523,2.2838,6.7614,4.9524,2.7942,3.9665,4.175,6.4946,5.1095,2.8803,6.5843,3.9135,1.2673,1.2776,3.6973,5.1086,5.6678,6.093,5.1911,4.0164,2.0726,1.4959,3.9273,5.4008,4.1157,3.8208,3.3057,9.3425,0.7803,4.9333,3.1197,3.5331,5.0677,2.3161,7.7949,4.6664,3.6023,6.3915,2.7273,3.9268,3.2503,4.6283,1.6501,3.2892,6.9491,7.3841,3.9291,4.5356,6.7477,2.474,4.765,4.7255,6.9698,4.3961,6.0851,4.3133,1.2504,5.435,4.883,4.5764,5.9136,6.5034,5.1533,5.9929,5.2134,4.4551,5.1428,4.5037,4.8865,5.6417,5.7983,6.9776,4.3291,2.5325,2.4754,3.5219,6.0636,6.1132,7.3656,4.9032,4.5797,7.0691,4.7864,5.668,4.721,5.312,8.6289,4.2472,-1.0049,5.3758,3.3171,11.5671,3.7087,6.4653,8.9637,4.4697,6.3479,5.6492,5.0997,4.2552,3.9292,5.5037,3.4362
-0.3197,4.9892,2.3916,1.4208,2.0869,-0.005,0.83,1.7202,2.9066,2.1851,1.4963,3.4678,3.2873,1.2361,2.7799,1.2721,0.5209,1.7467,-0.4564,4.4724,1.8106,-0.4395,2.6587,1.1227,-0.252,0.7869,2.1885,1.7913,2.3716,0.617,2.083,0.7845,1.9358,0.3048,1.5126,4.3428,1.9847,1.4067,2.8399,5.5811,0.1923,2.6442,0.8901,2.2218,4.5961,1.8595,0.6855,1.3353,2.3086,0.8876,1.1481,1.2077,3.7894,4.186,2.6005,4.9401,1.5727,3.2678,4.6886,2.5769,0.937,0.8195,4.2133,2.3295,3.4006,3.8171,1.4105,0.8984,3.6573,4.801,4.2529,2.2538,2.4962,3.6775,3.0386,3.3215,0.4724,2.2797,3.2276,2.5198,3.544,1.3165,1.9436,2.048,5.5394,1.4735,2.9968,3.1908,1.9262,2.9733,3.4489,1.4692,2.4568,1.487,0.3996,2.6875,2.1418,2.6208,4.6196,3.0547,4.3536,3.3397,5.1182,6.0139,4.2489,0.8413,3.9222,1.4246,2.1283,2.4943,6.3906,2.4523,2.2024,7.3032,3.8488,3.1971,4.8238,0.3424,3.7298,4.1567,7.472,1.5307,4.7598,5.6756,5.04,5.1939,6.15,1.0322,4.7609,4.2909,6.4003,6.1368,5.9107,3.0526,5.9588,4.8127,3.6143,5.83,1.8491,4.1878,4.703,2.862,4.4478,3.5033,6.3214,7.905,4.3844,5.4114,1.553,1.837,5.8543,2.1947,4.614,6.5742,4.6626,2.2556,3.9656,6.558,4.6174,5.283,5.1358,6.8643,6.7492,9.1063,6.1206,4.5017,4.3805,5.2675,8.3301,4.0016,6.3584,5.178,5.3289,7.1379,5.5998,5.5972,6.7491,9.0845,7.6137,6.3631,5.6493,3.1782,5.4859,2.2946,3.7553,6.0358,3.908,4.2328,2.0993,3.7023,2.7501,3.6839,6.9133,4.6475,7.1762,3.833,3.9658,5.2043,6.8117,4.8916,7.2214,3.9953,5.0998,3.9135,1.8814,1.0885,3.4475,6.4459,3.2914,3.926,4.4622,4.1088,2.5018,3.1687,4.3971,4.0757,4.8503,4.3282,3.9987,4.7192,4.9042,6.3542,3.0327,1.5653,4.1298,2.8317,5.5755,3.9042,5.3055,8.1993,3.6587,3.2999,3.5523,6.249,3.528,3.9278,7.1768,4.2549,5.3759,3.7767,8.0822,1.6591,5.2246,6.9171,6.3834,4.5836,6.6784,4.3623,1.3656,3.0421,5.5437,5.4691,3.92,5.3189,3.3817,5.7525,5.996,4.2376,6.1671,4.2249,5.3661,4.3805,5.9883,7.3201,5.2636,3.6025,4.3989,2.3777,5.8647,7.2452,7.3656,6.94,5.9933,8.5772,3.8679,8.0232,5.0303,7.1114,6.0735,4.7214,7.3875,6.4972,6.2729,7.6457,6.0338,5.7571,6.9385,5.1022,7.4104,7.421,6.9875,4.7492,6.1576,6.3226,3.8853
0.2781,3.3922,1.954,1.2431,1.1794,1.2044,0.6381,-0.8991,1.1174,0.6686,2.4744,1.401,0.9,0.1325,1.2736,1.1938,-0.8451,1.4515,0.9481,1.4341,-0.071,3.3471,2.3901,2.4615,2.8067,1.6816,0.3824,1.5383,1.1752,1.393,0.8533,2.1008,1.8333,-0.0063,0.4637,1.0815,0.9578,0.1245,7.8761,1.9176,-0.2291,1.1305,2.2057,2.2218,3.6789,4.3551,0.8253,0.4264,2.9954,0.9612,0.6192,1.1012,3.543,4.2836,2.9374,1.1349,1.5227,3.413,2.1367,0.0842,0.4578,1.9392,1.2227,0.8754,1.5575,0.6847,0.2892,2.1453,1.8625,4.0242,3.9317,2.5398,4.2731,7.9656,3.6961,2.8279,0.7064,4.8824,2.1062,0.9217,6.2026,0.9144,1.2127,1.8998,8.8833,1.1574,4.1987,1.6634,3.229,2.9364,1.4671,-0.0134,-0.1445,0.5454,0.7296,2.6597,3.1479,3.3656,2.8852,2.6783,4.6118,2.4203,4.1148,1.7437,4.4487,7.0707,2.6396,1.1362,4.0446,4.1773,4.2671,2.8583,2.2024,8.3165,3.5037,4.591,3.3486,0.8036,4.7354,2.5712,6.0348,2.6893,4.8753,5.3892,4.1474,1.9452,7.8346,0.7109,4.72,3.6272,4.375,7.1324,4.3586,2.6944,5.474,2.445,3.3377,6.3225,3.6829,5.4268,4.2749,3.7973,5.8653,2.387,5.128,6.666,2.5555,4.0292,1.8967,3.407,2.9703,0.9603,4.731,5.5306,4.2675,3.9599,3.7878,9.0599,3.6238,6.9527,5.0565,7.1423,7.7599,10.3401,6.3857,4.0591,4.6991,4.843,5.6114,3.8512,6.4679,4.7832,4.9687,4.6683,5.9961,5.6345,9.03,13.5789,7.5216,4.3681,5.0639,2.3462,3.2147,1.4611,4.0215,6.4239,1.9065,5.3949,0.9867,3.6739,1.3188,3.2525,4.9867,2.6236,5.0335,4.7833,3.1911,5.4407,6.8117,6.332,7.2214,3.6165,6.3003,1.9895,1.7147,2.8158,4.0838,5.8416,6.8098,7.7011,4.9408,4.443,3.1755,1.4479,4.3228,4.0404,1.8794,3.827,2.7123,5.1877,4.9042,4.5003,2.7817,3.6495,4.7461,2.4931,5.5755,3.1991,5.5137,6.5222,3.6587,5.5122,3.9291,5.6198,1.1944,4.3479,5.7827,6.6446,3.5,4.8062,7.2747,1.4426,5.7956,4.7737,7.4563,4.7391,6.1051,2.492,6.0363,3.2628,4.0836,4.1908,4.7131,5.5213,4.1276,6.9156,7.3481,3.9124,4.7936,2.5383,6.2131,5.4159,6.1631,7.8238,4.148,2.3005,1.9693,2.3777,5.4301,7.6813,3.0506,4.2859,5.6304,8.1577,3.9781,8.0232,4.1301,8.2391,6.8593,4.7214,0.0331,6.0882,2.754,7.6365,3.1686,7.4317,8.8726,5.1527,6.4027,4.2345,4.5953,5.5138,5.0003,2.0536,3.3087
1.2336,4.1089,4.7469,1.1314,1.2303,0.5529,3.6676,0.6816,1.5111,1.2281,2.2216,2.4386,4.1046,0.2253,0.4254,0.7791,0.4074,1.1262,0.8501,3.3311,0.86,4.9458,1.5313,1.4234,0.0872,0.6684,1.8426,4.2394,1.3262,1.0749,0.6099,2.5662,1.2748,0.596,0.7222,2.3123,-0.0469,0.0636,5.781,2.7053,0.6344,0.6663,0.9062,0.9958,4.3626,2.6387,0.633,0.6883,4.0403,2.0238,2.0149,2.3567,4.6536,4.9668,2.8452,4.4017,1.0826,2.0306,2.0178,0.5955,1.0527,5.015,1.5375,0.3302,1.1516,0.5212,0.9958,1.1284,0.6633,1.1245,4.274,0.8543,2.4983,6.4307,3.2464,1.7006,1.656,1.7256,1.658,1.5283,6.627,1.3826,1.4086,2.3187,2.6496,1.6309,2.01,1.4299,2.2756,0.5635,1.9576,1.578,0.5523,0.2205,0.8231,2.6908,1.4279,2.1757,3.83,2.8977,5.0644,2.2048,3.4668,2.9291,4.898,2.6424,1.8905,1.6393,5.0039,2.2367,6.3906,2.0937,2.9555,5.5595,2.5826,4.4338,3.7834,0.406,4.1798,3.4812,6.7005,3.6026,5.2415,5.4068,3.2613,2.9966,4.9068,1.4705,4.5642,3.8973,4.8276,6.6434,5.5225,2.5059,4.6565,2.9318,2.7562,5.7502,4.8741,8.041,6.0677,2.611,4.9611,1.4206,5.6856,8.061,2.9186,4.9979,3.1885,4.4559,1.7123,2.1945,6.5482,5.5472,4.4524,1.5652,4.4904,8.4344,3.9929,7.3091,4.947,6.1915,5.5614,7.9736,5.3556,2.8821,4.6391,3.7553,5.0464,4.7027,5.168,4.1547,4.6931,6.2582,7.6899,5.4379,3.7709,13.7476,6.2357,6.1393,3.5442,2.5203,2.7887,1.4237,3.6994,5.2557,1.2585,5.9806,0.5637,3.2982,1.6744,2.446,5.8784,1.6379,-0.8446,4.2444,3.2756,4.5269,4.8878,5.4926,4.0301,3.2842,6.5555,3.3851,1.115,2.2123,3.5322,5.064,5.2489,5.7399,5.1085,3.4652,0.8162,-0.0531,5.1069,4.2415,2.5703,4.5388,2.7725,7.8437,1.465,5.1152,0.9709,1.1489,5.1265,2.7468,8.6789,2.487,6.3883,5.1047,3.9696,3.5356,2.4381,5.3724,0.5089,3.3845,6.6403,5.6996,3.8847,4.2995,6.5275,2.7624,4.765,4.7255,7.2959,6.1192,7.3679,3.9979,3.3446,3.8345,3.6101,5.0052,6.1368,4.9133,2.8414,5.4241,4.9426,3.5464,3.324,4.8895,4.9599,6.0177,6.2105,6.5844,3.2272,0.3941,1.2525,2.1915,4.0739,5.682,5.9728,5.3778,5.3506,7.3648,4.2295,4.7875,4.6117,5.9055,5.6452,3.958,-0.1224,7.2927,4.2727,7.9005,2.1155,6.0984,8.3913,3.581,6.4135,5.5185,4.7426,4.0304,5.0442,4.4421,4.0441
1.7456,4.2366,3.9858,1.822,1.2602,1.7945,0.8907,-0.2348,1.9582,2.3453,2.3674,2.6733,4.0365,0.742,2.0709,0.8969,1.8416,0.9287,1.5034,2.493,0.1597,1.5558,3.6294,2.4498,1.1393,0.977,1.5554,4.6489,1.5722,0.7028,0.8532,2.1071,2.1819,1.2883,1.0838,3.6232,1.7395,0.4991,4.8495,4.1973,1.1252,1.0404,-0.2401,0.9183,4.4902,3.5652,1.5062,1.0362,2.5705,0.7755,0.5118,1.6189,5.1572,5.4244,3.0983,1.0534,0.6302,0.7397,4.3527,2.0055,0.568,5.3945,2.9512,1.8218,1.5121,1.3668,0.4865,3.6696,2.9604,4.9082,3.9307,0.965,3.6237,7.9656,3.2464,3.2615,1.656,2.1392,2.4516,1.7706,6.1478,1.5841,2.3404,1.3583,3.4875,0.8837,4.9105,1.7848,3.3019,2.4703,2.0386,1.264,1.0497,0.7097,0.3996,4.4566,2.8968,1.4322,3.8333,3.7121,3.7687,2.2578,5.1182,4.7963,5.5216,2.8547,2.947,0.7682,3.0952,3.771,6.2941,2.3073,2.5427,7.0782,6.058,4.4496,3.1436,1.5992,4.1521,4.5878,5.8785,1.9929,5.3163,5.9023,5.0076,4.0398,6.9188,2.4985,5.3838,4.8395,5.9491,8.0711,4.5142,4.8943,5.2526,3.9834,2.7374,6.4814,5.0047,8.5809,6.6725,4.3964,7.3186,4.3878,6.203,7.905,2.935,5.1866,2.3169,3.7371,5.2957,2.0448,7.3104,7.0401,4.979,2.1044,3.3104,9.5546,4.1143,6.3736,5.7972,6.1196,7.7599,11.881,5.0039,3.7939,4.9811,5.728,4.997,5.1714,6.6445,5.4584,6.3389,6.1516,7.2622,4.7933,7.0315,11.4496,5.8396,6.5517,7.4209,3.3259,4.0933,1.4462,3.6994,5.6698,2.2701,5.0224,1.4391,4.181,2.0786,3.9733,6.5068,4.2289,6.7614,4.2497,3.4158,5.9475,6.4715,6.7081,4.84,3.4971,8.071,2.6889,1.7201,0.701,4.7538,7.3762,6.638,7.7011,5.2821,4.2994,1.413,1.6334,5.0094,4.5894,4.1157,3.4585,3.1543,5.1877,8.8344,5.1652,1.6086,1.1517,5.1089,3.546,8.1945,1.7913,6.0285,8.231,3.2631,4.8984,3.3337,6.4194,1.7338,5.5629,4.3107,7.5888,3.975,4.9486,7.8899,2.4332,5.6867,6.2316,6.5657,2.6645,4.9679,4.1352,1.3656,3.0632,3.2522,5.188,5.2658,7.4936,3.6379,7.4233,6.4008,1.9653,4.8695,4.3828,5.6689,7.6454,6.4453,8.776,4.4876,2.5276,2.3902,1.0559,5.7754,7.8376,3.892,6.1687,4.9794,8.1577,5.6123,5.5419,5.4161,4.865,6.8182,4.9835,8.6545,6.5522,3.4197,8.3922,4.5937,8.0934,8.8915,5.1989,7.1632,5.0574,5.3217,5.5784,6.7705,2.8894,3.8854
-0.1839,4.1543,1.274,1.5807,1.3804,0.1403,0.7582,1.7202,1.9484,2.2987,1.6577,0.9607,3.5209,0.6318,1.3575,0.7791,-0.8568,1.798,1.0858,1.749,1.7187,0.537,1.7621,2.492,-0.0658,1.1467,0.3824,1.9593,1.359,0.501,1.3747,3.5033,0.4012,-0.0748,0.2987,0.8631,0.8445,0.4309,0.8999,0.2532,0.4729,0.6202,1.0594,0.707,3.4562,2.7354,0.2025,0.4952,5.5315,1.7798,0.5118,2.0989,3.6769,2.9924,4.2103,0.6889,1.3668,2.7676,2.7358,0.7751,3.3457,0.9203,0.8704,1.0187,4.2245,0.5597,0.9666,0.8475,1.0503,-0.442,3.513,1.6431,2.9703,5.658,2.536,2.7419,1.4967,3.6695,2.5656,1.8987,5.8517,1.9028,2.6026,2.5956,4.6556,1.3374,2.7351,2.1602,2.1627,1.4482,1.7889,1.3599,-0.349,1.6891,1.4592,2.9039,2.8592,2.0001,1.9295,3.0547,3.8862,2.4203,3.8101,1.5595,3.8938,1.009,2.6992,1.7139,3.0525,2.8778,4.2546,2.5894,3.7602,4.9512,6.058,4.7933,4.2237,0.3153,6.4009,3.3489,7.0974,3.694,5.7181,4.8048,3.8548,2.7583,5.0454,1.3609,4.5648,2.632,5.2488,5.0828,5.6263,2.3988,4.8622,3.2586,3.0806,6.1813,4.8387,4.6228,5.0222,2.9741,5.891,2.5845,5.3136,5.8023,2.5555,1.809,3.662,3.4103,2.0177,3.9633,6.7698,6.0456,4.979,4.8415,4.623,7.2238,3.595,5.283,5.6557,5.3149,6.7685,7.7444,5.9397,5.1044,2.704,2.9095,5.2663,3.3378,6.2829,5.4756,7.3412,7.3114,5.4774,5.5422,6.3051,11.3003,7.0663,5.0181,4.0809,2.3239,4.3137,1.6546,2.7669,5.5787,2.5292,6.7894,-0.0219,1.1207,1.9935,3.9733,5.0338,5.4497,6.1462,4.5174,3.5494,4.5698,4.0299,6.9344,3.8551,3.0699,5.0998,1.1871,1.8325,0.2385,3.948,6.5296,5.7825,5.5202,4.2684,3.816,-0.5085,2.617,4.1657,5.9139,2.1968,4.5406,3.6717,5.9589,4.5372,5.6465,1.5402,2.5933,4.3519,2.0527,7.7949,3.932,4.1083,6.1297,4.6292,3.5467,2.1276,4.8704,0.8555,5.3098,8.0751,8.0919,3.8436,4.2609,5.8867,2.041,5.656,6.2346,5.9115,2.6298,4.2176,3.7672,3.2739,5.1682,6.755,5.8127,4.7237,5.4271,5.7518,4.5053,4.2565,5.9044,5.1001,4.4469,5.2261,5.1473,5.7872,5.7596,5.3174,1.2912,1.7462,2.2002,5.3212,6.1737,6.0664,6.4928,5.6036,7.6715,4.019,4.7077,5.9825,5.038,5.7644,3.0303,-0.1224,7.1762,3.3452,7.0001,0.7467,6.6312,8.9488,4.5484,6.6371,6.3561,5.0767,4.5274,8.2488,4.0799,4.0382
1.5918,3.0743,3.0703,1.4712,1.734,2.844,1.357,0.2123,2.5119,-0.0501,2.717,3.5937,5.0798,0.5418,1.3522,1.0052,1.6477,1.9876,0.2843,3.8389,0.0346,4.7717,2.0522,1.2477,2.8067,2.3716,1.3297,3.114,2.4055,1.601,2.1285,3.5033,1.8468,0.7031,2.7427,3.791,0.9263,1.0393,6.9917,0.723,0.3879,2.3874,1.2892,1.1761,3.5423,4.0686,1.2008,1.3089,3.7579,0.8876,1.0527,2.0912,4.2965,4.4914,2.2147,4.0741,0.6757,1.4934,5.2712,1.8723,2.0726,3.2722,4.2133,2.3208,3.6391,2.4633,0.8359,2.8822,3.0209,3.737,1.891,1.0901,2.6467,9.5411,2.8835,3.0166,0.3801,5.2642,2.3954,2.4737,4.2043,1.7022,2.7819,2.134,6.8937,1.0057,4.9586,3.3789,3.7771,3.9272,2.0386,1.8084,1.9615,2.1879,1.3221,3.1406,1.4548,2.0498,3.7938,2.8197,4.8264,3.9412,5.4335,5.3994,3.8929,6.1784,3.1581,1.1362,4.6962,3.3414,6.3906,2.5894,1.9789,7.7541,4.0266,4.1759,4.2237,0.0062,4.5658,6.7707,7.7218,3.4305,6.2939,5.2107,5.2858,4.9835,6.2427,0.7137,5.0017,3.6389,5.3334,7.0852,4.3586,3.8137,4.2969,5.8616,3.4199,6.7166,5.1014,7.4488,6.064,2.1034,6.122,2.7631,5.8148,6.7466,4.5894,5.0332,2.8037,2.3294,5.461,3.0654,6.0043,5.5306,4.6191,4.0717,4.3336,8.6635,4.0448,7.4579,5.0595,5.3149,7.7784,10.4077,5.135,4.0591,4.4418,3.9438,4.9771,5.5293,5.097,5.2531,5.3502,7.5616,7.2622,4.8514,7.582,12.6379,6.9923,6.4314,3.637,1.6323,4.5049,1.444,2.2828,5.9888,3.97,4.6708,1.9968,3.2982,3.5599,1.5264,4.6113,3.4544,7.0685,3.7984,3.8929,5.2043,5.2598,7.3045,6.7614,2.8261,7.1771,4.3317,1.472,3.226,3.4411,7.3965,6.3925,6.2047,4.7532,2.9179,4.0901,3.241,4.9467,4.2104,5.247,3.7731,3.48,5.7167,2.669,5.2613,4.0633,2.6134,5.1212,2.5111,6.8774,4.537,8.0498,8.9522,3.8345,4.2227,5.0378,5.6057,3.2007,4.4445,6.1168,7.9364,4.6509,3.6482,6.7635,1.4426,6.2884,4.638,6.2083,4.9506,6.7301,5.3034,4.2644,3.9547,6.3287,4.6706,4.7556,6.4998,4.3379,6.086,7.4763,4.4323,5.5171,3.3369,5.6532,7.8233,6.3861,7.9496,4.6341,3.8685,4.5687,1.7916,4.3457,6.8143,5.2855,5.6705,4.6983,7.8404,3.9631,6.2348,4.4489,6.9636,6.1866,3.901,-0.8606,4.896,4.8572,6.775,5.0078,6.5433,8.9317,5.5441,6.8358,7.0443,6.2967,5.5784,5.1759,6.0599,3.5743
0.0156,4.6877,3.4666,1.6774,1.8603,1.2205,3.4583,-0.2348,2.1716,2.5492,3.738,6.2389,2.615,1.6082,1.4065,0.6825,3.1631,3.0918,1.638,2.9181,1.2327,0.4592,2.0699,0.334,2.0263,2.7082,3.4467,3.3044,3.1064,0.8993,2.8648,2.9009,2.1069,1.4718,4.746,5.4383,1.058,2.1258,5.6417,3.8812,0.7006,4.301,2.6048,2.2218,2.9694,2.45,2.2419,0.8117,4.9582,1.2535,2.7004,3.6465,4.2795,3.3434,2.1937,1.8739,1.4355,2.2423,6.3629,3.3813,0.7024,5.5197,5.1183,2.8926,1.3237,3.4781,-0.2313,1.9916,3.8742,3.4206,2.8259,1.4306,3.3961,11.6871,2.7494,3.538,1.5663,2.1966,1.4916,1.4036,4.2111,1.9997,2.7607,1.254,6.6236,1.0057,3.0281,4.6604,2.8111,4.9989,2.5681,0.5295,2.942,2.6911,1.3992,1.7848,3.1317,3.3284,4.7366,5.3506,4.8972,1.9623,3.3354,6.1331,4.4215,1.9022,3.8361,2.2603,3.716,4.0991,5.2986,2.0937,2.9555,7.0667,3.2127,4.7933,4.0476,1.9236,4.852,3.7948,6.5563,1.7773,5.399,5.3117,7.4452,6.141,7.5736,0.9635,6.9369,3.9468,6.3225,7.0852,4.977,7.1486,5.0574,6.8504,3.1932,6.2866,2.716,6.1897,6.0677,4.2222,6.6207,3.1181,4.9299,7.5074,4.1144,7.2209,3.4239,6.5959,6.8618,2.9328,7.0797,5.9975,5.2873,4.4255,3.5658,9.3239,4.0432,7.3719,5.4792,5.7327,7.8816,8.4675,5.3899,3.7939,3.221,5.728,4.6629,4.0947,4.874,4.4948,7.6255,6.594,7.1243,5.9339,8.2797,12.9355,6.5237,5.2229,6.1711,1.6323,2.4357,1.0666,3.2799,5.9726,4.4942,5.5616,2.8484,7.2917,4.3458,3.1141,5.2744,1.171,5.9304,4.1071,4.2743,4.6397,5.1109,6.9344,6.9753,3.7646,4.7397,5.1789,0.9655,4.4757,4.1578,5.9793,5.6913,6.9622,4.6833,4.3579,5.7232,1.1985,4.8847,4.7554,7.1274,4.2271,3.3057,7.636,1.7289,4.9806,5.0448,1.6148,5.2966,3.2471,6.4291,3.8563,7.5103,8.3885,2.6846,5.079,4.0313,4.4637,5.2896,4.5995,7.6013,6.9887,3.6096,3.6991,6.7886,3.0589,8.7057,5.6726,6.4073,5.2683,7.3996,6.8706,1.6023,3.9762,5.4894,5.0915,4.3015,6.8442,4.3306,6.0795,6.297,3.8339,4.8695,3.8089,5.6011,6.1749,6.2048,8.5045,4.5269,5.3634,4.7282,3.2087,5.2995,7.0647,6.8143,4.6757,5.2867,7.8404,4.1349,6.2788,3.8675,6.0013,6.8182,4.1716,-0.6078,6.3788,2.754,6.775,6.4531,6.7215,9.046,4.4589,7.1552,6.153,5.0979,4.7826,4.9065,7.6749,3.5743
-0.4417,5.0722,3.1374,1.6007,1.2437,1.6375,2.0159,-0.3091,2.0561,2.7541,2.1187,1.8947,1.8231,0.1325,0.8071,1.4505,-0.8451,2.5339,0.997,1.4341,0.0346,-2.2363,1.5187,3.6616,0.7236,1.9804,1.6076,3.0163,1.1088,1.8038,1.0695,4.5394,1.9395,-0.0748,0.6265,2.512,0.315,0.4991,4.1918,0.723,0.6895,1.4805,0.3033,1.0562,1.2788,4.4352,0.1782,0.1129,6.1139,2.0385,0.9279,0.6405,4.6536,4.0578,3.662,0.9452,1.8975,1.6725,3.1041,0.5945,0.5916,0.7492,1.9908,1.5996,2.0806,0.2618,1.648,2.3302,1.3958,2.5481,3.7704,1.3851,3.7639,8.2074,2.1944,2.533,3.7012,3.9041,1.8886,0.769,6.1461,1.6435,2.2399,1.9515,5.1913,0.9967,3.7224,1.3482,3.5448,1.8286,0.7362,0.9011,-0.349,0.2205,1.2663,4.193,1.5293,3.0109,1.2696,3.0528,3.3775,1.0358,4.2546,2.6778,4.5152,2.7563,1.2849,1.1156,4.6962,4.3186,5.9769,0.2426,1.9585,6.8414,4.0923,4.8433,4.1695,1.181,6.4009,3.2887,6.1617,2.6893,7.3197,5.9023,3.6167,5.0616,7.8346,0.9747,4.5435,4.2577,4.2653,6.7966,5.9107,1.9795,5.7339,3.8467,3.1807,7.3738,2.6586,7.7501,6.6226,5.1845,7.2167,3.4469,4.349,4.6923,3.722,4.3155,2.7647,3.671,2.6575,3.9277,5.5992,6.4792,4.9184,3.4446,5.2912,9.5546,4.0949,6.9018,4.7281,6.5399,8.5428,11.8859,5.7061,5.1044,3.5742,3.4425,4.8188,4.7992,6.6445,5.6875,5.3502,5.8809,6.8552,5.2027,5.4252,12.615,8.0536,4.7763,3.637,1.8806,5.0708,1.6944,2.0114,6.0621,2.3328,6.5439,0.337,4.7592,2.2181,3.6823,6.1914,3.7324,-0.8446,4.1114,3.4249,4.8014,6.5917,7.949,3.6404,4.0983,6.4194,4.1206,1.8341,1.4956,4.4189,5.3643,7.0797,8.0363,4.8978,3.3395,1.6894,2.542,5.1084,5.1047,2.8942,3.7731,3.337,5.7439,5.008,4.7332,2.4599,3.1029,5.7419,2.8518,7.8492,2.487,6.0285,6.9904,3.5914,4.8984,2.7533,5.2696,0.8465,5.5777,6.0145,6.9887,4.5754,4.1114,6.7078,1.2525,7.2365,5.4767,7.4563,5.3638,7.1277,3.3579,5.6333,5.0838,2.3696,4.9455,4,6.456,5.6498,5.5493,7.5,1.6444,5.9284,3.0478,6.2954,4.8392,6.5246,8.776,5.3025,1.381,1.7989,2.6965,4.5215,7.5367,5.1181,5.3778,5.8731,7.7933,4.3925,5.3008,4.9295,8.2391,6.5215,4.7613,7.2755,6.8149,2.6208,10.5742,2.8318,7.5919,9.3447,4.3069,6.9951,5.2442,4.5953,4.9105,7.086,5.0283,3.3351
1.382,3.8527,3.1413,1.7764,2.9747,1.5326,2.3616,0.5087,3.9895,2.4845,2.8088,2.8097,3.0903,1.6082,2.1437,1.4105,0.8393,1.9643,1.3065,2.4962,1.2311,6.516,1.4893,1.5523,-0.0658,2.847,1.4945,4.2394,1.2939,1.2737,2.7442,2.7438,1.2153,1.5016,0.9055,2.6228,1.0005,0.5699,7.7746,1.0758,0.6484,0.1996,0.9325,0.4445,4.0185,3.6689,0.7849,0.896,3.9997,1.4028,0.5212,2.7216,3.7815,4.4866,3.627,3.47,2.1662,3.6719,3.2719,0.0842,0.6236,2.9439,2.3177,2.3476,1.0783,1.1911,1.1235,0.8646,1.2402,3.4206,3.8266,2.9487,3.7639,4.1485,1.9918,3.1998,1.7944,2.3419,3.0241,2.4737,7.0928,1.6586,2.7307,1.9626,2.9749,0.8562,5.3426,1.8945,3.3596,2.6461,1.0062,1.1767,1.2208,0.6225,1.5586,2.6215,1.9196,2.2597,1.513,3.621,5.7892,1.5661,3.6021,4.3072,3.8596,2.9715,2.3668,2.0865,4.4603,3.4072,3.3816,0.8827,3.3233,5.3571,4.399,3.7278,4.2165,0.9533,6.1173,4.4979,7.0163,3.8645,6.5597,5.5369,4.6418,3.5895,5.218,0.3709,4.231,3.2197,4.9641,5.2246,5.3417,3.7954,5.6985,3.7594,3.1207,5.3045,6.1789,7.9711,5.8255,4.0098,6.4714,3.983,5.203,5.8793,2.5555,3.5661,2.2999,4.4886,5.2008,1.5157,6.2636,6.1761,5.0948,3.9599,3.909,7.7103,3.7101,6.397,7.0402,5.9966,7.0484,7.7444,5.4909,6.1368,3.6747,4.4868,5.7196,3.6184,6.0619,4.0431,8.6004,6.1114,6.5834,5.3372,7.0315,11.9283,6.797,6.4632,3.5745,3.9365,4.6147,1.7284,2.1055,5.38,1.9709,4.6315,0.5861,3.5814,2.007,3.5235,3.5289,4.204,4.8369,4.5269,3.6786,4.5145,5.9439,5.8919,4.7508,4.3249,8.3919,0.9356,2.0246,2.9893,4.4097,5.7416,6.0132,8.1584,4.9281,3.8163,1.1596,2.617,4.0077,4.485,3.3819,4.2271,4.5038,5.6315,3.7088,5.3306,2.1069,2.3905,5.2268,2.5808,6.9029,3.1311,6.9451,7.0066,2.9353,3.392,3.7836,5.4905,2.3326,4.5546,5.436,6.6197,3.3078,4.3889,6.4996,1.9082,6.041,6.7969,7.1343,3.0111,4.1345,3.5605,2.4023,4.3245,5.0731,4.1156,3.4133,6.0071,4.5926,5.805,5.6844,4.3563,4.7564,2.854,5.3745,4.5192,6.8285,6.6475,4.148,2.1829,2.2806,1.8484,5.054,7.5436,4.1848,6.1423,4.979,7.5357,4.9663,6.2114,5.9825,6.64,6.4603,2.5941,8.8031,6.3841,4.5152,8.7932,3.2177,7.2699,9.9317,5.4431,7.1879,4.2345,4.8327,5.4371,5.5866,5.0335,3.4362
1.3387,3.0999,4.3085,1.3518,1.2489,1.0467,2.1845,0.1385,0.9156,1.6462,1.9654,5.7404,2.3202,0.3318,1.667,1.502,1.9379,2.1464,0.2284,2.3745,0.3445,5.1524,2.2702,1.7062,-0.2177,0.83,2.7569,2.1223,4.7392,0.7624,1.2092,4.9834,1.2861,-0.1303,3.2695,4.247,1.9847,1.0022,6.8049,5.1545,0.5107,2.1869,0.0681,0.4743,3.5449,2.3913,1.5391,0.7651,4.1589,0.4065,1.2521,3.8425,3.0897,3.194,2.6639,0.6966,1.204,3.0242,6.2504,2.765,0.4578,3.7403,4.5982,3.4139,2.7689,4.1583,-0.0925,2.7481,3.6977,6.5582,3.645,0.4309,4.0138,7.1146,1.591,1.6673,2.1446,1.3014,2.0175,1.264,5.3262,0.9882,1.8723,0.5569,3.0424,1.0057,4.196,5.1979,3.6075,5.5019,1.0062,1.0632,3.0276,2.4994,1.1298,1.8728,1.7961,2.6706,4.4447,4.744,4.5508,1.333,2.388,7.2169,4.3391,2.5788,3.8361,1.3243,2.7329,4.1459,3.91,0.4814,2.1731,5.5837,2.9552,3.8042,4.463,1.2098,2.9421,5.4044,5.883,2.0288,6.4829,5.2391,7.2923,5.1651,6.115,0.2855,6.0933,4.3103,5.7203,7.7172,4.1096,6.0951,4.0782,6.3585,3.5681,6.311,2.608,6.0551,6.064,2.755,5.9924,2.859,6.4638,5.8471,3.5183,6.252,3.086,2.5936,6.4245,1.977,5.1444,5.2936,4.6191,3.2206,3.726,10.129,3.5711,5.4464,5.0763,6.0476,7.7257,8.6976,4.4912,4.6961,4.3629,4.1864,4.8001,3.9136,4.9732,4.5624,4.4206,7.4075,5.4376,4.4625,6.0318,13.7476,6.0771,4.011,5.3824,1.1537,3.572,1.0986,3.2197,5.9339,4.7528,6.0008,2.8484,4.3316,3.9521,2.3696,6.7517,1.159,2.873,4.074,3.5821,5.4407,5.2746,5.9529,4.4888,3.4672,6.3674,3.9655,1.8664,4.3421,3.6273,5.0026,5.7825,5.5257,4.4009,3.6839,4.0003,0.4158,3.982,4.0624,6.1733,4.1741,2.9755,6.6289,4.0868,4.6793,4.4958,1.8531,5.2369,2.7816,6.4775,2.5233,6.3883,7.729,2.3206,2.4979,5.6699,4.606,4.8753,3.7516,4.867,6.9887,3.0933,4.0154,6.3057,1.2525,6.2771,4.7737,4.6081,4.1875,6.1365,5.8098,1.2504,4.326,6.755,4.5485,3.2497,4.8546,3.3583,6.3484,5.9897,3.4401,4.0222,2.8651,5.323,5.3847,5.8942,7.6018,3.9477,4.4118,5.083,1.9377,3.5635,7.1192,5.1953,4.6757,5.092,7.5735,5.3415,5.5311,4.7581,6.0968,5.9234,4.1064,8.2947,4.997,4.3676,4.6337,5.9848,7.6563,8.0064,4.8429,6.1051,5.3857,4.5953,5.161,5.8213,7.4198,3.3087
1.3551,4.2366,4.7402,1.1719,1.0459,0.2192,1.1301,1.0942,1.5097,-0.343,1.7305,3.156,2.4151,-0.0351,1.3848,1.33,0.8549,1.3308,0.337,3.4297,0.8203,6.6699,1.1284,1.1149,2.0263,1.2762,1.8371,2.4252,3.6712,1.9663,2.0538,3.2057,1.2323,0.8646,1.5859,3.2042,0.315,0.248,4.7646,2.2998,1.5195,2.232,0.5229,0.4666,3.7819,2.9659,1.0948,0.7369,5.3418,1.5603,0.5969,2.4544,3.2882,2.1455,2.6941,3.5449,1.1969,3.3735,5.7075,1.6637,0.3972,0.8608,3.5692,1.3809,3.5958,2.965,0.1847,1.8496,2.9597,4.801,3.4828,1.4728,4.1943,6.0991,1.961,2.9857,0.3592,2.4646,1.8112,2.3838,4.2111,1.6586,1.3664,1.2222,2.6496,1.291,2.1714,3.1207,4.5416,2.7527,1.7298,1.6133,1.6499,0.2497,0.7296,2.6215,1.6889,4.0888,3.4505,3.6689,4.2819,2.3638,0.2446,6.1331,4.9675,3.8037,2.8614,1.8905,3.9247,2.9416,4.2989,1.4722,2.917,6.4952,3.028,4.1579,4.0836,1.2098,2.3074,3.018,6.5563,3.1114,4.8753,5.0312,4.8471,4.39,5.7118,1.0914,4.8223,3.7161,4.8276,6.1368,5.2637,4.4724,4.7343,4.9633,2.8609,5.6033,4.955,6.0551,5.4914,2.064,5.3447,1.2021,3.9608,6.497,2.7085,5.2054,3.2984,4.1126,5.7086,2.4699,4.6748,5.0797,3.7372,3.3752,2.8963,8.7804,4.1143,7.0692,4.3257,6.396,6.176,7.7959,5.0719,4.6518,3.7095,2.7296,6.0581,4.5049,3.8134,4.3836,3.4543,7.0505,7.3985,4.7902,2.0057,11.4238,6.1096,5.8258,5.0782,2.437,2.298,1.0637,2.4224,5.3538,3.5633,5.5616,1.7092,2.3835,2.4436,2.3796,4.9867,2.6949,2.0217,3.2631,3.0468,3.9167,5.3131,4.8916,3.5558,3.4109,7.7988,2.8259,1.1454,1.2249,3.5433,5.2414,4.0628,4.6807,4.9043,2.2258,2.2793,0.4575,4.3276,4.3749,4.5012,4.4328,2.9771,7.0525,4.9934,5.109,2.9196,1.9211,4.6241,2.4804,7.7533,1.9968,6.5968,7.4764,3.9975,3.9355,4.7962,5.7977,2.5063,4.2775,6.7535,6.3025,3.6451,3.3864,6.2294,2.0946,3.81,4.6559,5.6631,4.5099,6.4465,3.8265,4.2448,3.6349,5.971,4.1128,4.192,5.8297,4.9796,7.0147,5.3191,3.3523,4.5846,3.6118,5.6329,6.697,5.3286,5.8746,3.361,3.1753,3.2483,3.335,4.3776,6.8334,6.0101,4.5043,4.6983,7.5075,4.3246,5.7501,4.3214,2.5584,6.0785,3.9264,-0.1224,5.3717,5.3622,7.346,5.0298,6.1676,8.2728,3.5844,6.2668,7.2766,6.0579,4.4349,4.8146,5.3111,3.4362
1.3873,4.0325,3.1374,1.8077,2.5886,1.1733,2.6187,-0.1714,2.6597,1.6837,1.6903,3.2987,1.2556,0.3825,1.1555,1.2765,1.3602,1.9876,0.6667,2.4367,1.1667,-0.5127,1.9339,1.5545,1.2735,0.8983,1.1387,4.6489,2.6357,1.601,1.7477,3.7143,1.7749,1.2111,2.6288,3.1287,0.7996,0.6088,6.6254,4.1973,0.0968,1.5275,0.3238,0.5081,4.9738,3.8659,0.5622,0.5666,4.7612,1.6515,1.2634,1.6313,3.8374,3.615,2.5236,3.8371,0.8177,3.9287,5.6181,1.9955,1.9004,5.3945,3.5967,2.148,4.1153,2.6487,1.0131,2.076,3.3412,6.0321,3.6868,1.0788,3.8416,2.6089,1.9834,2.5596,1.3334,3.2787,1.5633,2.407,6.4984,1.8848,2.4071,2.5956,3.2425,1.0057,3.6324,3.3068,3.3019,3.9076,2.8309,1.2949,2.4568,0.592,0.6375,3.4487,2.7137,3.6032,3.7015,4.1132,4.7945,2.0373,1.3758,6.0923,5.5216,5.3015,3.5108,1.7283,4.4603,2.4619,4.9534,0.386,1.8857,6.0826,3.4547,3.9413,4.8822,1.2098,3.7041,3.5191,7.6963,0.8614,6.58,5.5957,5.7853,4.472,4.9068,0.3709,5.7075,3.5889,4.5022,6.2388,5.3666,5.0276,5.5828,4.5613,3.2375,6.5848,5.5152,8.3927,4.6969,3.8043,5.8978,2.4316,6.9689,7.905,3.1397,5.3843,3.3502,4.3036,6.3726,3.4485,6.2327,5.359,4.7242,4.4358,2.7189,7.3861,3.3965,6.9433,5.0565,6.6399,7.3012,7.7014,5.2837,3.8776,3.9831,4.795,6.0126,3.2553,5.0179,6.3126,6.6782,6.2632,8.8482,5.4379,4.9836,11.0198,5.4367,6.0915,6.8912,2.9869,3.5303,0.95,2.8227,5.0371,3.5633,5.4221,1.3073,4.6665,2.7164,3.6839,6.032,1.2548,4.6538,3.3706,2.8435,4.4318,4.8255,4.7178,6.9753,3.8485,7.0194,2.1254,1.7266,2.6874,3.604,6.7084,5.4014,6.1148,4.8193,4.3579,2.4251,0.393,4.3435,4.9326,4.2578,3.8208,3.8273,7.1357,2.8653,5.7651,3.5872,2.1758,5.5804,2.1563,7.0262,2.485,4.3103,7.3184,2.7331,4.5964,4.4336,4.1492,2.6342,4.075,6.311,6.0091,3.5101,4.2069,5.74,2.2049,5.195,5.6612,5.5903,5.2793,6.1652,4.3165,1.3656,4.7411,6.3453,5.6407,5.0774,6.032,5.3721,5.8333,4.9833,4.8524,5.0047,3.4369,5.2142,5.5293,5.8086,6.7909,3.9477,3.7547,3.8858,3.2087,5.3146,7.1243,4.1848,4.231,4.9587,7.2328,4.7483,5.8601,3.9579,5.6483,8.3463,3.7367,5.2355,6.3302,4.0118,7.2869,6.0362,7.1848,8.9062,3.581,6.7426,6.692,6.6049,4.1312,4.0743,5.8373,3.3814
